[2025-May-03 11:59:19] [debug] --------------------------------------------------------------------------------
[2025-May-03 11:59:19] [debug] nrfjprog --recover --log 
[2025-May-03 11:59:19] [debug] nrfjprog version 10.24.2 external
[2025-May-03 11:59:19] [debug] --------------------------------------------------------------------------------
[2025-May-03 11:59:19] [ info] Load library at /Applications/Nordic Semiconductor/lib/libnrfjprogdll.dylib.
[2025-May-03 11:59:19] [ info] Library loaded, loading member functions.
[2025-May-03 11:59:19] [ info] Member functions succesfully loaded.
[2025-May-03 11:59:19] [debug] [ Client] - open
[2025-May-03 11:59:19] [debug] [ Client] - start
[2025-May-03 11:59:19] [ info] [ Client] - stdout: Jlinkarm nRF Worker ready. Handling sequence 99b76f53-042e-4245-8596-dd2306df9fa9.
[2025-May-03 11:59:19] [debug] [SeggerBackend] - Logger sink registered in Segger backend logger
[2025-May-03 11:59:19] [debug] [  JLink] - Logger sink registered in JLink logger
[2025-May-03 11:59:19] [debug] [  nRFXX] - open
[2025-May-03 11:59:19] [debug] [  nRFXX] - just_check_family
[2025-May-03 11:59:19] [debug] [SeggerBackend] - open_dll
[2025-May-03 11:59:19] [debug] [SeggerBackend] - No J-Link DLL path was provided. Attempting to auto detect.
[2025-May-03 11:59:19] [ info] [SeggerBackend] - Load library at /Applications/SEGGER/JLink/libjlinkarm.dylib.
[2025-May-03 11:59:19] [ info] [SeggerBackend] - Library loaded, loading member functions.
[2025-May-03 11:59:19] [ info] [SeggerBackend] - Member functions succesfully loaded.
[2025-May-03 11:59:19] [debug] [SeggerBackend] - Set batch mode
[2025-May-03 11:59:19] [trace] [ Client] - Command open executed for 58 milliseconds with result 0
[2025-May-03 11:59:19] [debug] [ Client] - config
[2025-May-03 11:59:19] [trace] [ Client] - Command config executed for 8 milliseconds with result 0
[2025-May-03 11:59:19] [debug] [ Client] - enum_emu_snr
[2025-May-03 11:59:19] [debug] [SeggerBackend] - dll_version
[2025-May-03 11:59:19] [ info] [SeggerBackend] - Segger dll version 7.94.e loaded.
[2025-May-03 11:59:19] [trace] [ Worker] - Command open executed for 34 milliseconds with result 0
[2025-May-03 11:59:19] [debug] [  nRFXX] - config
[2025-May-03 11:59:19] [debug] [SeggerBackend] - enum_emu_snr
[2025-May-03 11:59:19] [trace] [ Worker] - Command config executed for 8 milliseconds with result 0
[2025-May-03 11:59:19] [debug] [  nRFXX] - enum_emu_con_info
[2025-May-03 11:59:19] [debug] [SeggerBackend] - is_connected_to_emu
[2025-May-03 11:59:19] [debug] [SeggerBackend] - enum_emu_con_info
[2025-May-03 11:59:19] [trace] [ Client] - Command enum_emu_con_info executed for 1 milliseconds with result 0
[2025-May-03 11:59:19] [debug] [ Client] - connect_to_emu_with_snr
[2025-May-03 11:59:19] [debug] [SeggerBackend] - is_connected_to_emu
[2025-May-03 11:59:19] [trace] [ Worker] - Command enum_emu_con_info executed for 1 milliseconds with result 0
[2025-May-03 11:59:19] [debug] [  nRFXX] - connect_to_emu_with_snr
[2025-May-03 11:59:19] [debug] [SeggerBackend] - is_connected_to_emu
[2025-May-03 11:59:19] [debug] [SeggerBackend] - connect_to_emu_with_snr
[2025-May-03 11:59:19] [debug] [SeggerBackend] - is_connected_to_emu
[2025-May-03 11:59:19] [debug] [SeggerBackend] - ---just_enum_emu_snr
[2025-May-03 11:59:19] [debug] [SeggerBackend] - ---just_get_num_emus
[2025-May-03 11:59:19] [debug] [SeggerBackend] - ---just_connect_to_emu_with_snr
[2025-May-03 11:59:19] [debug] [SeggerBackend] - ---just_connect_to_emu_without_snr
[2025-May-03 11:59:19] [debug] [SeggerBackend] - Segger logging enabled.
[2025-May-03 11:59:19] [trace] [  JLink] - Firmware: J-Link OB-nRF5340-NordicSemi compiled Sep 11 2024 13:35:00
[2025-May-03 11:59:19] [trace] [  JLink] - Firmware: J-Link OB-nRF5340-NordicSemi compiled Sep 11 2024 13:35:00
[2025-May-03 11:59:19] [trace] [  JLink] - Hardware: V1.00
[2025-May-03 11:59:19] [trace] [  JLink] - S/N: 1050209323
[2025-May-03 11:59:19] [trace] [  JLink] - OEM: SEGGER
[2025-May-03 11:59:19] [trace] [  JLink] - Feature(s): RDI, FlashBP, FlashDL, JFlash, GDB
[2025-May-03 11:59:19] [trace] [  JLink] - Bootloader: 2021 May 18
[2025-May-03 11:59:19] [trace] [  JLink] - USB speed mode: Full speed (12 MBit/s)
[2025-May-03 11:59:19] [trace] [  JLink] - TELNET listener socket opened on port 19021
[2025-May-03 11:59:19] [trace] [  JLink] - WEBSRV WEBSRV_Init(): Starting webserver thread(s)
[2025-May-03 11:59:19] [trace] [  JLink] - WEBSRV Webserver running on local port 19080
[2025-May-03 11:59:19] [trace] [  JLink] - Looking for J-Link GUI Server exe at: /Applications/SEGGER/JLink_V794e/JLinkGUIServerExe 
[2025-May-03 11:59:19] [trace] [  JLink] - Forking J-Link GUI Server: /Applications/SEGGER/JLink_V794e/JLinkGUIServerExe 
[2025-May-03 11:59:20] [trace] [  JLink] - J-Link GUI Server info: "J-Link GUI server V7.94e " 
[2025-May-03 11:59:20] [trace] [  JLink] - - 442.056ms returns "O.K."  
[2025-May-03 11:59:20] [trace] [  JLink] - JLINK_HasError()  
[2025-May-03 11:59:20] [trace] [  JLink] - JLINK_Lock()  
[2025-May-03 11:59:20] [trace] [  JLink] - JLINK_ExecCommand("SetRestartOnClose = 0", ...).   
[2025-May-03 11:59:20] [trace] [  JLink] - - 0.354ms returns 0x01  
[2025-May-03 11:59:20] [trace] [  JLink] - JLINK_HasError()  
[2025-May-03 11:59:20] [trace] [  JLink] - JLINK_ExecCommand("DisableFlashDL", ...).   
[2025-May-03 11:59:20] [trace] [  JLink] - - 0.014ms returns 0x00  
[2025-May-03 11:59:20] [trace] [  JLink] - JLINK_HasError()  
[2025-May-03 11:59:20] [trace] [  JLink] - JLINK_ExecCommand("ExcludeFlashCacheRange 0x0-0xFFFFFFFF", ...).   
[2025-May-03 11:59:20] [trace] [  JLink] - - 0.000ms returns 0x00  
[2025-May-03 11:59:20] [trace] [  JLink] - JLINK_HasError()  
[2025-May-03 11:59:20] [trace] [  JLink] - JLINK_SetHookUnsecureDialog  
[2025-May-03 11:59:20] [trace] [  JLink] - JLINK_SetHookUnsecureDialog(...)
[2025-May-03 11:59:20] [trace] [  JLink] - - 0.004ms returns 0  
[2025-May-03 11:59:20] [trace] [  JLink] - JLINK_HasError()  
[2025-May-03 11:59:20] [trace] [  JLink] - JLINK_TIF_Select(JLINKARM_TIF_SWD)  
[2025-May-03 11:59:20] [trace] [  JLink] - - 0.775ms returns 0x00  
[2025-May-03 11:59:20] [trace] [  JLink] - JLINK_HasError()  
[2025-May-03 11:59:20] [trace] [  JLink] - JLINK_GetSpeedInfo()  
[2025-May-03 11:59:20] [trace] [  JLink] - 128000000 Hz / n, n >= 64
[2025-May-03 11:59:20] [trace] [  JLink] - - 0.007ms  
[2025-May-03 11:59:20] [trace] [  JLink] - JLINK_HasError()  
[2025-May-03 11:59:20] [debug] [SeggerBackend] - Connected emulator supports SWD speeds up to 2000kHz
[2025-May-03 11:59:20] [trace] [  JLink] - JLINK_SetSpeed(2000)  
[2025-May-03 11:59:20] [trace] [  JLink] - - 0.425ms  
[2025-May-03 11:59:20] [trace] [  JLink] - JLINK_HasError()  
[2025-May-03 11:59:20] [trace] [  JLink] - JLINK_GetSpeed()  
[2025-May-03 11:59:20] [trace] [  JLink] - - 0.001ms returns 2000  
[2025-May-03 11:59:20] [trace] [  JLink] - JLINK_HasError()  
[2025-May-03 11:59:20] [debug] [SeggerBackend] - SWD clock set to 2000kHz
[2025-May-03 11:59:20] [trace] [  JLink] - JLINK_GetSN()  
[2025-May-03 11:59:20] [trace] [  JLink] - - 0.003ms returns 1050209323  
[2025-May-03 11:59:20] [trace] [  JLink] - JLINK_HasError()  
[2025-May-03 11:59:20] [trace] [  JLink] - - 0.125ms  
[2025-May-03 11:59:20] [debug] [  nRFXX] - read_device_family
[2025-May-03 11:59:20] [debug] [  nRFXX] - read_device_family
[2025-May-03 11:59:20] [debug] [SeggerBackend] - is_connected_to_emu
[2025-May-03 11:59:20] [trace] [  JLink] - JLINK_IsOpen()  
[2025-May-03 11:59:20] [trace] [  JLink] - - 0.004ms returns 0x01  
[2025-May-03 11:59:20] [trace] [  JLink] - JLINK_HasError()  
[2025-May-03 11:59:20] [trace] [  JLink] - JLINK_Lock()  
[2025-May-03 11:59:20] [debug] [SeggerBackend] - is_connected_to_emu
[2025-May-03 11:59:20] [debug] [SeggerBackend] - read_debug_port_idr
[2025-May-03 11:59:20] [debug] [SeggerBackend] - read_debug_port_register
[2025-May-03 11:59:20] [debug] [SeggerBackend] - ---just_read_debug_port_register
[2025-May-03 11:59:20] [debug] [SeggerBackend] - coresight_configure
[2025-May-03 11:59:20] [trace] [  JLink] - JLINK_GetHWStatus(...)  
[2025-May-03 11:59:20] [trace] [  JLink] - - 0.201ms returns 0  
[2025-May-03 11:59:20] [trace] [  JLink] - JLINK_HasError()  
[2025-May-03 11:59:20] [trace] [  JLink] - JLINK_CORESIGHT_Configure()  
[2025-May-03 11:59:20] [trace] [ Client] - Command connect_to_emu_with_snr executed for 479 milliseconds with result 0
[2025-May-03 11:59:20] [debug] [ Client] - read_connected_emu_snr
[2025-May-03 11:59:20] [trace] [ Client] - Command read_connected_emu_snr executed for 0 milliseconds with result 0
[2025-May-03 11:59:20] [debug] [ Client] - read_device_family
[2025-May-03 11:59:20] [trace] [ Client] - Command read_device_family executed for 2 milliseconds with result 0
[2025-May-03 11:59:20] [debug] [ Client] - select_family
[2025-May-03 11:59:20] [trace] [ Client] - Command select_family executed for 0 milliseconds with result 0
[2025-May-03 11:59:20] [debug] [ Client] - recover
[2025-May-03 11:59:20] [error] [ Client] - Encountered error -21: Command recover executed for 0 milliseconds with result -21
[2025-May-03 11:59:20] [trace] [  JLink] - - 1.930ms returns 0  
[2025-May-03 11:59:20] [trace] [  JLink] - JLINK_HasError()  
[2025-May-03 11:59:20] [debug] [SeggerBackend] - read_debug_port_idr
[2025-May-03 11:59:20] [debug] [SeggerBackend] - read_debug_port_register
[2025-May-03 11:59:20] [debug] [SeggerBackend] - ---just_read_debug_port_register
[2025-May-03 11:59:20] [debug] [SeggerBackend] - ---just_select_debug_port_register
[2025-May-03 11:59:20] [debug] [SeggerBackend] - Select AP 255, DP Bank 0, AP Bank 255
[2025-May-03 11:59:20] [trace] [  JLink] - JLINK_CORESIGHT_WriteAPDPReg(DP reg 0x02, 0x00000000)  
[2025-May-03 11:59:20] [trace] [  JLink] - - 0.545ms returns 0  
[2025-May-03 11:59:20] [trace] [  JLink] - JLINK_HasError()  
[2025-May-03 11:59:20] [trace] [  JLink] - JLINK_CORESIGHT_ReadAPDPReg(DP reg 0x00)  
[2025-May-03 11:59:20] [trace] [  JLink] - Value=0xFFFFFFFC
[2025-May-03 11:59:20] [trace] [  JLink] - - 0.493ms returns 0  
[2025-May-03 11:59:20] [trace] [  JLink] - JLINK_HasError()  
[2025-May-03 11:59:20] [debug] [SeggerBackend] - ---just_select_debug_port_register
[2025-May-03 11:59:20] [trace] [  JLink] - JLINK_CORESIGHT_ReadAPDPReg(DP reg 0x00)  
[2025-May-03 11:59:20] [trace] [  JLink] - Value=0xFFFFFFFC
[2025-May-03 11:59:20] [trace] [  JLink] - - 0.493ms returns 0  
[2025-May-03 11:59:20] [trace] [  JLink] - JLINK_HasError()  
[2025-May-03 11:59:20] [error] [  nRFXX] - Device does not have an ARM debug port.
[2025-May-03 11:59:20] [trace] [  JLink] - - 0.020ms  
[2025-May-03 11:59:20] [debug] [SeggerBackend] - set_core_data
[2025-May-03 11:59:20] [debug] [SeggerBackend] - Set core data:
[2025-May-03 11:59:20] [debug] [SeggerBackend] -   Device ID: Cortex-M4
[2025-May-03 11:59:20] [debug] [SeggerBackend] -   Expected core: 4294967295
[2025-May-03 11:59:20] [debug] [SeggerBackend] -   Existing Expected core: 4294967295
[2025-May-03 11:59:20] [debug] [SeggerBackend] -   Coprocessor: APPLICATION
[2025-May-03 11:59:20] [debug] [SeggerBackend] -   AHB AP index: 0
[2025-May-03 11:59:20] [debug] [SeggerBackend] -   Core base address: 4294967295
[2025-May-03 11:59:20] [trace] [ Worker] - Command connect_to_emu_with_snr executed for 477 milliseconds with result 0
[2025-May-03 11:59:20] [debug] [  nRFXX] - read_connected_emu_snr
[2025-May-03 11:59:20] [debug] [SeggerBackend] - is_connected_to_emu
[2025-May-03 11:59:20] [trace] [  JLink] - JLINK_IsOpen()  
[2025-May-03 11:59:20] [trace] [  JLink] - - 0.004ms returns 0x01  
[2025-May-03 11:59:20] [trace] [  JLink] - JLINK_HasError()  
[2025-May-03 11:59:20] [trace] [  JLink] - JLINK_Lock()  
[2025-May-03 11:59:20] [debug] [SeggerBackend] - read_connected_emu_snr
[2025-May-03 11:59:20] [trace] [  JLink] - - 0.015ms  
[2025-May-03 11:59:20] [trace] [ Worker] - Command read_connected_emu_snr executed for 0 milliseconds with result 0
[2025-May-03 11:59:20] [debug] [  nRFXX] - read_device_family
[2025-May-03 11:59:20] [debug] [SeggerBackend] - is_connected_to_emu
[2025-May-03 11:59:20] [trace] [  JLink] - JLINK_IsOpen()  
[2025-May-03 11:59:20] [trace] [  JLink] - - 0.003ms returns 0x01  
[2025-May-03 11:59:20] [trace] [  JLink] - JLINK_HasError()  
[2025-May-03 11:59:20] [trace] [  JLink] - JLINK_Lock()  
[2025-May-03 11:59:20] [debug] [SeggerBackend] - is_connected_to_emu
[2025-May-03 11:59:20] [debug] [SeggerBackend] - read_debug_port_idr
[2025-May-03 11:59:20] [debug] [SeggerBackend] - read_debug_port_register
[2025-May-03 11:59:20] [debug] [SeggerBackend] - ---just_read_debug_port_register
[2025-May-03 11:59:20] [debug] [SeggerBackend] - ---just_select_debug_port_register
[2025-May-03 11:59:20] [debug] [SeggerBackend] - Select AP 255, DP Bank 0, AP Bank 255
[2025-May-03 11:59:20] [trace] [  JLink] - JLINK_CORESIGHT_WriteAPDPReg(DP reg 0x02, 0x00000000)  
[2025-May-03 11:59:20] [trace] [  JLink] - - 0.492ms returns -1  
[2025-May-03 11:59:20] [trace] [  JLink] - JLINK_HasError()  
[2025-May-03 11:59:20] [debug] [SeggerBackend] - ---just_abort_debug_action
[2025-May-03 11:59:20] [debug] [SeggerBackend] - Attempting to clear any configuration errors in debug port before closing connection. 
[2025-May-03 11:59:20] [trace] [  JLink] - JLINK_CORESIGHT_WriteAPDPReg(DP reg 0x00, 0x0000001F)  
[2025-May-03 11:59:20] [trace] [  JLink] - - 0.514ms returns 0  
[2025-May-03 11:59:20] [trace] [  JLink] - JLINK_HasError()  
[2025-May-03 11:59:20] [trace] [  JLink] - JLINK_CORESIGHT_WriteAPDPReg(DP reg 0x02, 0x00000000)  
[2025-May-03 11:59:20] [trace] [  JLink] - - 0.502ms returns 0  
[2025-May-03 11:59:20] [trace] [  JLink] - JLINK_HasError()  
[2025-May-03 11:59:20] [trace] [  JLink] - JLINK_CORESIGHT_ReadAPDPReg(DP reg 0x00)  
[2025-May-03 11:59:20] [trace] [  JLink] - Value=0xFFFFFFE0
[2025-May-03 11:59:20] [trace] [  JLink] - - 0.514ms returns 0  
[2025-May-03 11:59:20] [trace] [  JLink] - JLINK_HasError()  
[2025-May-03 11:59:20] [error] [  nRFXX] - Device does not have an ARM debug port.
[2025-May-03 11:59:20] [trace] [  JLink] - - 0.003ms  
[2025-May-03 11:59:20] [trace] [ Worker] - Command read_device_family executed for 2 milliseconds with result 0
[2025-May-03 11:59:20] [debug] [SeggerBackend] - set_core_data
[2025-May-03 11:59:20] [debug] [SeggerBackend] - Set core data:
[2025-May-03 11:59:20] [debug] [SeggerBackend] -   Device ID: Cortex-M4
[2025-May-03 11:59:20] [debug] [SeggerBackend] -   Expected core: 4294967295
[2025-May-03 11:59:20] [debug] [SeggerBackend] -   Existing Expected core: 4294967295
[2025-May-03 11:59:20] [debug] [SeggerBackend] -   Coprocessor: APPLICATION
[2025-May-03 11:59:20] [debug] [SeggerBackend] -   AHB AP index: 0
[2025-May-03 11:59:20] [debug] [SeggerBackend] -   Core base address: 4294967295
[2025-May-03 11:59:20] [trace] [ Worker] - Command select_family executed for 0 milliseconds with result 0
[2025-May-03 11:59:20] [debug] [  nRFXX] - recover
[2025-May-03 11:59:20] [debug] [SeggerBackend] - is_connected_to_emu
[2025-May-03 11:59:20] [trace] [  JLink] - JLINK_IsOpen()  
[2025-May-03 11:59:20] [trace] [  JLink] - - 0.004ms returns 0x01  
[2025-May-03 11:59:20] [trace] [  JLink] - JLINK_HasError()  
[2025-May-03 11:59:20] [trace] [  JLink] - JLINK_Lock()  
[2025-May-03 11:59:20] [debug] [SeggerBackend] - is_connected_to_emu
[2025-May-03 11:59:20] [trace] [  JLink] - - 0.689ms  
[2025-May-03 11:59:20] [error] [ Worker] - This function cannot be executed without a known family.
[2025-May-03 11:59:20] [trace] [ Worker] - Command recover executed for 0 milliseconds with result -21
[2025-May-03 11:59:20] [debug] [  nRFXX] - close
[2025-May-03 11:59:20] [debug] [SeggerBackend] - is_connected_to_emu
[2025-May-03 11:59:20] [trace] [  JLink] - JLINK_IsOpen()  
[2025-May-03 11:59:20] [trace] [  JLink] - - 0.003ms returns 0x01  
[2025-May-03 11:59:20] [trace] [  JLink] - JLINK_HasError()  
[2025-May-03 11:59:20] [trace] [  JLink] - JLINK_Lock()  
[2025-May-03 11:59:20] [debug] [SeggerBackend] - close
[2025-May-03 11:59:20] [debug] [SeggerBackend] - disconnect_from_emu
[2025-May-03 11:59:20] [debug] [SeggerBackend] - ---just_disconnect_from_emu
[2025-May-03 11:59:20] [debug] [SeggerBackend] - is_connected_to_device
[2025-May-03 11:59:20] [trace] [  JLink] - JLINK_IsConnected()  
[2025-May-03 11:59:20] [trace] [  JLink] - - 0.001ms returns FALSE  
[2025-May-03 11:59:20] [trace] [  JLink] - JLINK_HasError()  
[2025-May-03 11:59:20] [debug] [SeggerBackend] - ---just_is_debug_region_powered
[2025-May-03 11:59:20] [debug] [SeggerBackend] - ---just_read_debug_port_register
[2025-May-03 11:59:20] [debug] [SeggerBackend] - ---just_select_debug_port_register
[2025-May-03 11:59:20] [debug] [SeggerBackend] - Select AP 255, DP Bank 0, AP Bank 255
[2025-May-03 11:59:20] [trace] [  JLink] - JLINK_CORESIGHT_WriteAPDPReg(DP reg 0x02, 0x00000000)  
[2025-May-03 11:59:20] [trace] [  JLink] - - 0.499ms returns -1  
[2025-May-03 11:59:20] [trace] [  JLink] - JLINK_HasError()  
[2025-May-03 11:59:20] [debug] [SeggerBackend] - ---just_abort_debug_action
[2025-May-03 11:59:20] [debug] [SeggerBackend] - Attempting to clear any configuration errors in debug port before closing connection. 
[2025-May-03 11:59:20] [trace] [  JLink] - JLINK_CORESIGHT_WriteAPDPReg(DP reg 0x00, 0x0000001F)  
[2025-May-03 11:59:20] [trace] [  JLink] - - 0.533ms returns 0  
[2025-May-03 11:59:20] [trace] [  JLink] - JLINK_HasError()  
[2025-May-03 11:59:20] [trace] [  JLink] - JLINK_CORESIGHT_WriteAPDPReg(DP reg 0x02, 0x00000000)  
[2025-May-03 11:59:20] [trace] [  JLink] - - 0.540ms returns 0  
[2025-May-03 11:59:20] [trace] [  JLink] - JLINK_HasError()  
[2025-May-03 11:59:20] [trace] [  JLink] - JLINK_CORESIGHT_ReadAPDPReg(DP reg 0x01)  
[2025-May-03 11:59:20] [trace] [  JLink] - Value=0xFFFFFFFC
[2025-May-03 11:59:20] [trace] [  JLink] - - 0.503ms returns 0  
[2025-May-03 11:59:20] [trace] [  JLink] - JLINK_HasError()  
[2025-May-03 11:59:20] [debug] [SeggerBackend] - unpower_debug_and_system_regions
[2025-May-03 11:59:20] [debug] [SeggerBackend] - ---just_write_debug_port_register
[2025-May-03 11:59:20] [debug] [SeggerBackend] - ---just_select_debug_port_register
[2025-May-03 11:59:20] [trace] [  JLink] - JLINK_CORESIGHT_WriteAPDPReg(DP reg 0x01, 0x00000000)  
[2025-May-03 11:59:20] [trace] [  JLink] - - 0.484ms returns -1  
[2025-May-03 11:59:20] [trace] [  JLink] - JLINK_HasError()  
[2025-May-03 11:59:20] [debug] [SeggerBackend] - ---just_abort_debug_action
[2025-May-03 11:59:20] [debug] [SeggerBackend] - Attempting to clear any configuration errors in debug port before closing connection. 
[2025-May-03 11:59:20] [trace] [  JLink] - JLINK_CORESIGHT_WriteAPDPReg(DP reg 0x00, 0x0000001F)  
[2025-May-03 11:59:20] [trace] [  JLink] - - 0.505ms returns 0  
[2025-May-03 11:59:20] [trace] [  JLink] - JLINK_HasError()  
[2025-May-03 11:59:20] [trace] [  JLink] - JLINK_CORESIGHT_WriteAPDPReg(DP reg 0x01, 0x00000000)  
[2025-May-03 11:59:20] [trace] [  JLink] - - 0.481ms returns -1  
[2025-May-03 11:59:20] [trace] [  JLink] - JLINK_HasError()  
[2025-May-03 11:59:20] [debug] [SeggerBackend] - ---just_abort_debug_action
[2025-May-03 11:59:20] [debug] [SeggerBackend] - Attempting to clear any configuration errors in debug port before closing connection. 
[2025-May-03 11:59:20] [trace] [  JLink] - JLINK_CORESIGHT_WriteAPDPReg(DP reg 0x00, 0x0000001F)  
[2025-May-03 11:59:20] [trace] [  JLink] - - 0.573ms returns 0  
[2025-May-03 11:59:20] [trace] [  JLink] - JLINK_HasError()  
[2025-May-03 11:59:20] [trace] [  JLink] - JLINK_CORESIGHT_WriteAPDPReg(DP reg 0x01, 0x00000000)  
[2025-May-03 11:59:20] [trace] [  JLink] - - 0.564ms returns 0  
[2025-May-03 11:59:20] [trace] [  JLink] - JLINK_HasError()  
[2025-May-03 11:59:20] [debug] [SeggerBackend] - ---just_is_debug_region_powered
[2025-May-03 11:59:20] [debug] [SeggerBackend] - ---just_read_debug_port_register
[2025-May-03 11:59:20] [debug] [SeggerBackend] - ---just_select_debug_port_register
[2025-May-03 11:59:20] [trace] [  JLink] - JLINK_CORESIGHT_ReadAPDPReg(DP reg 0x01)  
[2025-May-03 11:59:20] [trace] [  JLink] - failed
[2025-May-03 11:59:20] [trace] [  JLink] - - 0.533ms returns -1  
[2025-May-03 11:59:20] [trace] [  JLink] - JLINK_HasError()  
[2025-May-03 11:59:20] [debug] [SeggerBackend] - ---just_abort_debug_action
[2025-May-03 11:59:20] [debug] [SeggerBackend] - Attempting to clear any configuration errors in debug port before closing connection. 
[2025-May-03 11:59:20] [trace] [  JLink] - JLINK_CORESIGHT_WriteAPDPReg(DP reg 0x00, 0x0000001F)  
[2025-May-03 11:59:20] [trace] [  JLink] - - 0.499ms returns -1  
[2025-May-03 11:59:20] [trace] [  JLink] - JLINK_HasError()  
[2025-May-03 11:59:20] [trace] [  JLink] - JLINK_CORESIGHT_WriteAPDPReg(DP reg 0x00, 0x0000001F)  
[2025-May-03 11:59:20] [trace] [  JLink] - - 0.608ms returns 0  
[2025-May-03 11:59:20] [trace] [  JLink] - JLINK_HasError()  
[2025-May-03 11:59:20] [trace] [  JLink] - JLINK_CORESIGHT_ReadAPDPReg(DP reg 0x01)  
[2025-May-03 11:59:20] [trace] [  JLink] - Value=0xFFFFFFFC
[2025-May-03 11:59:20] [trace] [  JLink] - - 0.753ms returns 0  
[2025-May-03 11:59:20] [trace] [  JLink] - JLINK_HasError()  
[2025-May-03 11:59:20] [debug] [SeggerBackend] - ---just_write_debug_port_register
[2025-May-03 11:59:20] [debug] [SeggerBackend] - ---just_select_debug_port_register
[2025-May-03 11:59:20] [trace] [  JLink] - JLINK_CORESIGHT_WriteAPDPReg(DP reg 0x01, 0x00000000)  
[2025-May-03 11:59:20] [trace] [  JLink] - - 0.544ms returns 0  
[2025-May-03 11:59:20] [trace] [  JLink] - JLINK_HasError()  
[2025-May-03 11:59:20] [debug] [SeggerBackend] - ---just_is_debug_region_powered
[2025-May-03 11:59:20] [debug] [SeggerBackend] - ---just_read_debug_port_register
[2025-May-03 11:59:20] [debug] [SeggerBackend] - ---just_select_debug_port_register
[2025-May-03 11:59:20] [trace] [  JLink] - JLINK_CORESIGHT_ReadAPDPReg(DP reg 0x01)  
[2025-May-03 11:59:20] [trace] [  JLink] - failed
[2025-May-03 11:59:20] [trace] [  JLink] - - 0.519ms returns -1  
[2025-May-03 11:59:20] [trace] [  JLink] - JLINK_HasError()  
[2025-May-03 11:59:20] [debug] [SeggerBackend] - ---just_abort_debug_action
[2025-May-03 11:59:20] [debug] [SeggerBackend] - Attempting to clear any configuration errors in debug port before closing connection. 
[2025-May-03 11:59:20] [trace] [  JLink] - JLINK_CORESIGHT_WriteAPDPReg(DP reg 0x00, 0x0000001F)  
[2025-May-03 11:59:20] [trace] [  JLink] - - 0.471ms returns -1  
[2025-May-03 11:59:20] [trace] [  JLink] - JLINK_HasError()  
[2025-May-03 11:59:20] [trace] [  JLink] - JLINK_CORESIGHT_WriteAPDPReg(DP reg 0x00, 0x0000001F)  
[2025-May-03 11:59:20] [trace] [  JLink] - - 0.526ms returns 0  
[2025-May-03 11:59:20] [trace] [  JLink] - JLINK_HasError()  
[2025-May-03 11:59:20] [trace] [  JLink] - JLINK_CORESIGHT_ReadAPDPReg(DP reg 0x01)  
[2025-May-03 11:59:20] [trace] [  JLink] - Value=0xFFFFFFFE
[2025-May-03 11:59:20] [trace] [  JLink] - - 0.510ms returns 0  
[2025-May-03 11:59:20] [trace] [  JLink] - JLINK_HasError()  
[2025-May-03 11:59:20] [debug] [SeggerBackend] - ---just_write_debug_port_register
[2025-May-03 11:59:20] [debug] [SeggerBackend] - ---just_select_debug_port_register
[2025-May-03 11:59:20] [trace] [  JLink] - JLINK_CORESIGHT_WriteAPDPReg(DP reg 0x01, 0x00000000)  
[2025-May-03 11:59:20] [trace] [  JLink] - - 0.523ms returns 0  
[2025-May-03 11:59:20] [trace] [  JLink] - JLINK_HasError()  
[2025-May-03 11:59:20] [debug] [SeggerBackend] - ---just_is_debug_region_powered
[2025-May-03 11:59:20] [debug] [SeggerBackend] - ---just_read_debug_port_register
[2025-May-03 11:59:20] [debug] [SeggerBackend] - ---just_select_debug_port_register
[2025-May-03 11:59:20] [trace] [  JLink] - JLINK_CORESIGHT_ReadAPDPReg(DP reg 0x01)  
[2025-May-03 11:59:20] [trace] [  JLink] - failed
[2025-May-03 11:59:20] [trace] [  JLink] - - 0.496ms returns -1  
[2025-May-03 11:59:20] [trace] [  JLink] - JLINK_HasError()  
[2025-May-03 11:59:20] [debug] [SeggerBackend] - ---just_abort_debug_action
[2025-May-03 11:59:20] [debug] [SeggerBackend] - Attempting to clear any configuration errors in debug port before closing connection. 
[2025-May-03 11:59:20] [trace] [  JLink] - JLINK_CORESIGHT_WriteAPDPReg(DP reg 0x00, 0x0000001F)  
[2025-May-03 11:59:20] [trace] [  JLink] - - 0.553ms returns 0  
[2025-May-03 11:59:20] [trace] [  JLink] - JLINK_HasError()  
[2025-May-03 11:59:20] [trace] [  JLink] - JLINK_CORESIGHT_ReadAPDPReg(DP reg 0x01)  
[2025-May-03 11:59:20] [trace] [  JLink] - Value=0xFFFFFFFC
[2025-May-03 11:59:20] [trace] [  JLink] - - 0.577ms returns 0  
[2025-May-03 11:59:20] [trace] [  JLink] - JLINK_HasError()  
[2025-May-03 11:59:20] [debug] [SeggerBackend] - ---just_write_debug_port_register
[2025-May-03 11:59:20] [debug] [SeggerBackend] - ---just_select_debug_port_register
[2025-May-03 11:59:20] [trace] [  JLink] - JLINK_CORESIGHT_WriteAPDPReg(DP reg 0x01, 0x00000000)  
[2025-May-03 11:59:20] [trace] [  JLink] - - 0.580ms returns 0  
[2025-May-03 11:59:20] [trace] [  JLink] - JLINK_HasError()  
[2025-May-03 11:59:20] [debug] [SeggerBackend] - ---just_is_debug_region_powered
[2025-May-03 11:59:20] [debug] [SeggerBackend] - ---just_read_debug_port_register
[2025-May-03 11:59:20] [debug] [SeggerBackend] - ---just_select_debug_port_register
[2025-May-03 11:59:20] [trace] [  JLink] - JLINK_CORESIGHT_ReadAPDPReg(DP reg 0x01)  
[2025-May-03 11:59:20] [trace] [  JLink] - failed
[2025-May-03 11:59:20] [trace] [  JLink] - - 0.503ms returns -1  
[2025-May-03 11:59:20] [trace] [  JLink] - JLINK_HasError()  
[2025-May-03 11:59:20] [debug] [SeggerBackend] - ---just_abort_debug_action
[2025-May-03 11:59:20] [debug] [SeggerBackend] - Attempting to clear any configuration errors in debug port before closing connection. 
[2025-May-03 11:59:20] [trace] [  JLink] - JLINK_CORESIGHT_WriteAPDPReg(DP reg 0x00, 0x0000001F)  
[2025-May-03 11:59:20] [trace] [  JLink] - - 0.465ms returns -1  
[2025-May-03 11:59:20] [trace] [  JLink] - JLINK_HasError()  
[2025-May-03 11:59:20] [trace] [  JLink] - JLINK_CORESIGHT_WriteAPDPReg(DP reg 0x00, 0x0000001F)  
[2025-May-03 11:59:20] [trace] [  JLink] - - 0.534ms returns 0  
[2025-May-03 11:59:20] [trace] [  JLink] - JLINK_HasError()  
[2025-May-03 11:59:20] [trace] [  JLink] - JLINK_CORESIGHT_ReadAPDPReg(DP reg 0x01)  
[2025-May-03 11:59:20] [trace] [  JLink] - Value=0xFFFFFFFE
[2025-May-03 11:59:20] [trace] [  JLink] - - 0.493ms returns 0  
[2025-May-03 11:59:20] [trace] [  JLink] - JLINK_HasError()  
[2025-May-03 11:59:20] [debug] [SeggerBackend] - ---just_write_debug_port_register
[2025-May-03 11:59:20] [debug] [SeggerBackend] - ---just_select_debug_port_register
[2025-May-03 11:59:20] [trace] [  JLink] - JLINK_CORESIGHT_WriteAPDPReg(DP reg 0x01, 0x00000000)  
[2025-May-03 11:59:20] [trace] [  JLink] - - 0.473ms returns -1  
[2025-May-03 11:59:20] [trace] [  JLink] - JLINK_HasError()  
[2025-May-03 11:59:20] [debug] [SeggerBackend] - ---just_abort_debug_action
[2025-May-03 11:59:20] [debug] [SeggerBackend] - Attempting to clear any configuration errors in debug port before closing connection. 
[2025-May-03 11:59:20] [trace] [  JLink] - JLINK_CORESIGHT_WriteAPDPReg(DP reg 0x00, 0x0000001F)  
[2025-May-03 11:59:20] [trace] [  JLink] - - 0.515ms returns 0  
[2025-May-03 11:59:20] [trace] [  JLink] - JLINK_HasError()  
[2025-May-03 11:59:20] [trace] [  JLink] - JLINK_CORESIGHT_WriteAPDPReg(DP reg 0x01, 0x00000000)  
[2025-May-03 11:59:20] [trace] [  JLink] - - 0.479ms returns -1  
[2025-May-03 11:59:20] [trace] [  JLink] - JLINK_HasError()  
[2025-May-03 11:59:20] [debug] [SeggerBackend] - ---just_abort_debug_action
[2025-May-03 11:59:20] [debug] [SeggerBackend] - Attempting to clear any configuration errors in debug port before closing connection. 
[2025-May-03 11:59:20] [trace] [  JLink] - JLINK_CORESIGHT_WriteAPDPReg(DP reg 0x00, 0x0000001F)  
[2025-May-03 11:59:20] [trace] [  JLink] - - 0.491ms returns 0  
[2025-May-03 11:59:20] [trace] [  JLink] - JLINK_HasError()  
[2025-May-03 11:59:20] [trace] [  JLink] - JLINK_CORESIGHT_WriteAPDPReg(DP reg 0x01, 0x00000000)  
[2025-May-03 11:59:20] [trace] [  JLink] - - 0.478ms returns -1  
[2025-May-03 11:59:20] [trace] [  JLink] - JLINK_HasError()  
[2025-May-03 11:59:20] [debug] [SeggerBackend] - ---just_abort_debug_action
[2025-May-03 11:59:20] [debug] [SeggerBackend] - Attempting to clear any configuration errors in debug port before closing connection. 
[2025-May-03 11:59:20] [trace] [  JLink] - JLINK_CORESIGHT_WriteAPDPReg(DP reg 0x00, 0x0000001F)  
[2025-May-03 11:59:20] [trace] [  JLink] - - 0.495ms returns 0  
[2025-May-03 11:59:20] [trace][2025-May-03 12:09:29] [debug] --------------------------------------------------------------------------------
[2025-May-03 12:09:29] [debug] nrfjprog -f NRF52 --recover --log 
[2025-May-03 12:09:29] [debug] nrfjprog version 10.24.2 external
[2025-May-03 12:09:29] [debug] --------------------------------------------------------------------------------
[2025-May-03 12:09:29] [ info] Load library at /Applications/Nordic Semiconductor/lib/libnrfjprogdll.dylib.
[2025-May-03 12:09:29] [ info] Library loaded, loading member functions.
[2025-May-03 12:09:29] [ info] Member functions succesfully loaded.
[2025-May-03 12:09:29] [debug] [ Client] - open
[2025-May-03 12:09:29] [debug] [ Client] - start
[2025-May-03 12:09:29] [ info] [ Client] - stdout: Jlinkarm nRF Worker ready. Handling sequence f6253d6b-59f1-40a7-93dc-d8a6d7b24566.
[2025-May-03 12:09:29] [debug] [SeggerBackend] - Logger sink registered in Segger backend logger
[2025-May-03 12:09:29] [debug] [  JLink] - Logger sink registered in JLink logger
[2025-May-03 12:09:29] [debug] [  nRF52] - open
[2025-May-03 12:09:29] [debug] [  nRF52] - just_check_family
[2025-May-03 12:09:29] [debug] [SeggerBackend] - open_dll
[2025-May-03 12:09:29] [debug] [SeggerBackend] - No J-Link DLL path was provided. Attempting to auto detect.
[2025-May-03 12:09:29] [ info] [SeggerBackend] - Load library at /Applications/SEGGER/JLink/libjlinkarm.dylib.
[2025-May-03 12:09:29] [ info] [SeggerBackend] - Library loaded, loading member functions.
[2025-May-03 12:09:29] [ info] [SeggerBackend] - Member functions succesfully loaded.
[2025-May-03 12:09:29] [debug] [SeggerBackend] - Set batch mode
[2025-May-03 12:09:29] [trace] [ Client] - Command open executed for 59 milliseconds with result 0
[2025-May-03 12:09:29] [debug] [ Client] - config
[2025-May-03 12:09:29] [debug] [SeggerBackend] - dll_version
[2025-May-03 12:09:29] [ info] [SeggerBackend] - Segger dll version 7.94.e loaded.
[2025-May-03 12:09:29] [trace] [ Worker] - Command open executed for 34 milliseconds with result 0
[2025-May-03 12:09:29] [debug] [  nRF52] - config
[2025-May-03 12:09:29] [trace] [ Client] - Command config executed for 7 milliseconds with result 0
[2025-May-03 12:09:29] [debug] [ Client] - enum_emu_snr
[2025-May-03 12:09:29] [trace] [ Client] - Command enum_emu_con_info executed for 1 milliseconds with result 0
[2025-May-03 12:09:29] [debug] [ Client] - connect_to_emu_with_snr
[2025-May-03 12:09:29] [debug] [SeggerBackend] - enum_emu_snr
[2025-May-03 12:09:29] [trace] [ Worker] - Command config executed for 7 milliseconds with result 0
[2025-May-03 12:09:29] [debug] [  nRF52] - enum_emu_con_info
[2025-May-03 12:09:29] [debug] [SeggerBackend] - is_connected_to_emu
[2025-May-03 12:09:29] [debug] [SeggerBackend] - enum_emu_con_info
[2025-May-03 12:09:29] [debug] [SeggerBackend] - is_connected_to_emu
[2025-May-03 12:09:29] [trace] [ Worker] - Command enum_emu_con_info executed for 1 milliseconds with result 0
[2025-May-03 12:09:29] [debug] [  nRF52] - connect_to_emu_with_snr
[2025-May-03 12:09:29] [debug] [SeggerBackend] - is_connected_to_emu
[2025-May-03 12:09:29] [debug] [SeggerBackend] - connect_to_emu_with_snr
[2025-May-03 12:09:29] [debug] [SeggerBackend] - is_connected_to_emu
[2025-May-03 12:09:29] [debug] [SeggerBackend] - ---just_enum_emu_snr
[2025-May-03 12:09:29] [debug] [SeggerBackend] - ---just_get_num_emus
[2025-May-03 12:09:29] [debug] [SeggerBackend] - ---just_connect_to_emu_with_snr
[2025-May-03 12:09:29] [debug] [SeggerBackend] - ---just_connect_to_emu_without_snr
[2025-May-03 12:09:29] [debug] [SeggerBackend] - Segger logging enabled.
[2025-May-03 12:09:29] [trace] [  JLink] - Firmware: J-Link OB-nRF5340-NordicSemi compiled Sep 11 2024 13:35:00
[2025-May-03 12:09:29] [trace] [  JLink] - Firmware: J-Link OB-nRF5340-NordicSemi compiled Sep 11 2024 13:35:00
[2025-May-03 12:09:29] [trace] [  JLink] - Hardware: V1.00
[2025-May-03 12:09:29] [trace] [  JLink] - S/N: 1050209323
[2025-May-03 12:09:29] [trace] [  JLink] - OEM: SEGGER
[2025-May-03 12:09:29] [trace] [  JLink] - Feature(s): RDI, FlashBP, FlashDL, JFlash, GDB
[2025-May-03 12:09:29] [trace] [  JLink] - Bootloader: 2021 May 18
[2025-May-03 12:09:29] [trace] [  JLink] - USB speed mode: Full speed (12 MBit/s)
[2025-May-03 12:09:29] [trace] [  JLink] - TELNET listener socket opened on port 19021
[2025-May-03 12:09:29] [trace] [  JLink] - WEBSRV WEBSRV_Init(): Starting webserver thread(s)
[2025-May-03 12:09:29] [trace] [  JLink] - WEBSRV Webserver running on local port 19080
[2025-May-03 12:09:29] [trace] [  JLink] - Looking for J-Link GUI Server exe at: /Applications/SEGGER/JLink_V794e/JLinkGUIServerExe 
[2025-May-03 12:09:29] [trace] [  JLink] - Forking J-Link GUI Server: /Applications/SEGGER/JLink_V794e/JLinkGUIServerExe 
[2025-May-03 12:09:29] [trace] [  JLink] - J-Link GUI Server info: "J-Link GUI server V7.94e " 
[2025-May-03 12:09:30] [trace] [ Client] - Command connect_to_emu_with_snr executed for 483 milliseconds with result 0
[2025-May-03 12:09:30] [debug] [ Client] - read_connected_emu_snr
[2025-May-03 12:09:30] [trace] [ Client] - Command read_connected_emu_snr executed for 0 milliseconds with result 0
[2025-May-03 12:09:30] [debug] [ Client] - recover
[2025-May-03 12:09:30] [trace] [  JLink] - - 448.768ms returns "O.K."  
[2025-May-03 12:09:30] [trace] [  JLink] - JLINK_HasError()  
[2025-May-03 12:09:30] [trace] [  JLink] - JLINK_Lock()  
[2025-May-03 12:09:30] [trace] [  JLink] - JLINK_ExecCommand("SetRestartOnClose = 0", ...).   
[2025-May-03 12:09:30] [trace] [  JLink] - - 0.376ms returns 0x01  
[2025-May-03 12:09:30] [trace] [  JLink] - JLINK_HasError()  
[2025-May-03 12:09:30] [trace] [  JLink] - JLINK_ExecCommand("DisableFlashDL", ...).   
[2025-May-03 12:09:30] [trace] [  JLink] - - 0.013ms returns 0x00  
[2025-May-03 12:09:30] [trace] [  JLink] - JLINK_HasError()  
[2025-May-03 12:09:30] [trace] [  JLink] - JLINK_ExecCommand("ExcludeFlashCacheRange 0x0-0xFFFFFFFF", ...).   
[2025-May-03 12:09:30] [trace] [  JLink] - - 0.000ms returns 0x00  
[2025-May-03 12:09:30] [trace] [  JLink] - JLINK_HasError()  
[2025-May-03 12:09:30] [trace] [  JLink] - JLINK_SetHookUnsecureDialog  
[2025-May-03 12:09:30] [trace] [  JLink] - JLINK_SetHookUnsecureDialog(...)
[2025-May-03 12:09:30] [trace] [  JLink] - - 0.004ms returns 0  
[2025-May-03 12:09:30] [trace] [  JLink] - JLINK_HasError()  
[2025-May-03 12:09:30] [trace] [  JLink] - JLINK_TIF_Select(JLINKARM_TIF_SWD)  
[2025-May-03 12:09:30] [trace] [  JLink] - - 0.707ms returns 0x00  
[2025-May-03 12:09:30] [trace] [  JLink] - JLINK_HasError()  
[2025-May-03 12:09:30] [trace] [  JLink] - JLINK_GetSpeedInfo()  
[2025-May-03 12:09:30] [trace] [  JLink] - 128000000 Hz / n, n >= 64
[2025-May-03 12:09:30] [trace] [  JLink] - - 0.007ms  
[2025-May-03 12:09:30] [trace] [  JLink] - JLINK_HasError()  
[2025-May-03 12:09:30] [debug] [SeggerBackend] - Connected emulator supports SWD speeds up to 2000kHz
[2025-May-03 12:09:30] [trace] [  JLink] - JLINK_SetSpeed(2000)  
[2025-May-03 12:09:30] [trace] [  JLink] - - 0.416ms  
[2025-May-03 12:09:30] [trace] [  JLink] - JLINK_HasError()  
[2025-May-03 12:09:30] [trace] [  JLink] - JLINK_GetSpeed()  
[2025-May-03 12:09:30] [trace] [  JLink] - - 0.001ms returns 2000  
[2025-May-03 12:09:30] [trace] [  JLink] - JLINK_HasError()  
[2025-May-03 12:09:30] [debug] [SeggerBackend] - SWD clock set to 2000kHz
[2025-May-03 12:09:30] [trace] [  JLink] - JLINK_GetSN()  
[2025-May-03 12:09:30] [trace] [  JLink] - - 0.002ms returns 1050209323  
[2025-May-03 12:09:30] [trace] [  JLink] - JLINK_HasError()  
[2025-May-03 12:09:30] [trace] [  JLink] - - 0.016ms  
[2025-May-03 12:09:30] [debug] [  nRF52] - read_device_family
[2025-May-03 12:09:30] [trace] [ Worker] - Command connect_to_emu_with_snr executed for 481 milliseconds with result 0
[2025-May-03 12:09:30] [debug] [  nRF52] - read_connected_emu_snr
[2025-May-03 12:09:30] [debug] [SeggerBackend] - is_connected_to_emu
[2025-May-03 12:09:30] [trace] [  JLink] - JLINK_IsOpen()  
[2025-May-03 12:09:30] [trace] [  JLink] - - 0.004ms returns 0x01  
[2025-May-03 12:09:30] [trace] [  JLink] - JLINK_HasError()  
[2025-May-03 12:09:30] [trace] [  JLink] - JLINK_Lock()  
[2025-May-03 12:09:30] [debug] [SeggerBackend] - read_connected_emu_snr
[2025-May-03 12:09:30] [trace] [  JLink] - - 0.016ms  
[2025-May-03 12:09:30] [trace] [ Worker] - Command read_connected_emu_snr executed for 0 milliseconds with result 0
[2025-May-03 12:09:30] [debug] [  nRF52] - recover
[2025-May-03 12:09:30] [debug] [SeggerBackend] - is_connected_to_emu
[2025-May-03 12:09:30] [trace] [  JLink] - JLINK_IsOpen()  
[2025-May-03 12:09:30] [trace] [  JLink] - - 0.003ms returns 0x01  
[2025-May-03 12:09:30] [trace] [  JLink] - JLINK_HasError()  
[2025-May-03 12:09:30] [trace] [  JLink] - JLINK_Lock()  
[2025-May-03 12:09:30] [debug] [SeggerBackend] - is_connected_to_emu
[2025-May-03 12:09:30] [debug] [  nRF52] - Just_recover
[2025-May-03 12:09:30] [debug] [  nRF52] - Just_is_ctrl_ap_available
[2025-May-03 12:09:30] [debug] [SeggerBackend] - read_access_port_register
[2025-May-03 12:09:30] [debug] [SeggerBackend] - ---just_read_access_port_register
[2025-May-03 12:09:30] [debug] [SeggerBackend] - coresight_configure
[2025-May-03 12:09:30] [trace] [  JLink] - JLINK_GetHWStatus(...)  
[2025-May-03 12:09:30] [trace] [  JLink] - - 0.199ms returns 0  
[2025-May-03 12:09:30] [trace] [  JLink] - JLINK_HasError()  
[2025-May-03 12:09:30] [trace] [  JLink] - JLINK_CORESIGHT_Configure()  
[2025-May-03 12:09:30] [trace] [  JLink] - - 1.894ms returns 0  
[2025-May-03 12:09:30] [trace] [  JLink] - JLINK_HasError()  
[2025-May-03 12:09:30] [debug] [SeggerBackend] - read_debug_port_idr
[2025-May-03 12:09:30] [debug] [SeggerBackend] - read_debug_port_register
[2025-May-03 12:09:30] [debug] [SeggerBackend] - ---just_read_debug_port_register
[2025-May-03 12:09:30] [debug] [SeggerBackend] - ---just_select_debug_port_register
[2025-May-03 12:09:30] [debug] [SeggerBackend] - Select AP 255, DP Bank 0, AP Bank 255
[2025-May-03 12:09:30] [trace] [  JLink] - JLINK_CORESIGHT_WriteAPDPReg(DP reg 0x02, 0x00000000)  
[2025-May-03 12:09:30] [trace] [  JLink] - - 0.548ms returns 0  
[2025-May-03 12:09:30] [trace] [  JLink] - JLINK_HasError()  
[2025-May-03 12:09:30] [trace] [  JLink] - JLINK_CORESIGHT_ReadAPDPReg(DP reg 0x00)  
[2025-May-03 12:09:30] [trace] [  JLink] - Value=0xFFFFFFF8
[2025-May-03 12:09:30] [trace] [  JLink] - - 0.513ms returns 0  
[2025-May-03 12:09:30] [trace] [  JLink] - JLINK_HasError()  
[2025-May-03 12:09:30] [error] [ Client] - Encountered error -21: Command recover executed for 4 milliseconds with result -21
[2025-May-03 12:09:30] [trace] [  JLink] - - 1.174ms  
[2025-May-03 12:09:30] [error] [ Worker] - Encountered unexpected debug port ID 15, expected 2
[2025-May-03 12:09:30] [trace] [ Worker] - Command recover executed for 4 milliseconds with result -21
[2025-May-03 12:09:30] [debug] [  nRF52] - close
[2025-May-03 12:09:30] [debug] [SeggerBackend] - is_connected_to_emu
[2025-May-03 12:09:30] [trace] [  JLink] - JLINK_IsOpen()  
[2025-May-03 12:09:30] [trace] [  JLink] - - 0.003ms returns 0x01  
[2025-May-03 12:09:30] [trace] [  JLink] - JLINK_HasError()  
[2025-May-03 12:09:30] [trace] [  JLink] - JLINK_Lock()  
[2025-May-03 12:09:30] [debug] [SeggerBackend] - close
[2025-May-03 12:09:30] [debug] [SeggerBackend] - disconnect_from_emu
[2025-May-03 12:09:30] [debug] [SeggerBackend] - ---just_disconnect_from_emu
[2025-May-03 12:09:30] [debug] [SeggerBackend] - is_connected_to_device
[2025-May-03 12:09:30] [trace] [  JLink] - JLINK_IsConnected()  
[2025-May-03 12:09:30] [trace] [  JLink] - - 0.002ms returns FALSE  
[2025-May-03 12:09:30] [trace] [  JLink] - JLINK_HasError()  
[2025-May-03 12:09:30] [debug] [SeggerBackend] - ---just_is_debug_region_powered
[2025-May-03 12:09:30] [debug] [SeggerBackend] - ---just_read_debug_port_register
[2025-May-03 12:09:30] [debug] [SeggerBackend] - ---just_select_debug_port_register
[2025-May-03 12:09:30] [debug] [SeggerBackend] - Select AP 255, DP Bank 0, AP Bank 255
[2025-May-03 12:09:30] [trace] [  JLink] - JLINK_CORESIGHT_WriteAPDPReg(DP reg 0x02, 0x00000000)  
[2025-May-03 12:09:30] [trace] [  JLink] - - 0.500ms returns -1  
[2025-May-03 12:09:30] [trace] [  JLink] - JLINK_HasError()  
[2025-May-03 12:09:30] [debug] [SeggerBackend] - ---just_abort_debug_action
[2025-May-03 12:09:30] [debug] [SeggerBackend] - Attempting to clear any configuration errors in debug port before closing connection. 
[2025-May-03 12:09:30] [trace] [  JLink] - JLINK_CORESIGHT_WriteAPDPReg(DP reg 0x00, 0x0000001F)  
[2025-May-03 12:09:30] [trace] [  JLink] - - 0.357ms returns 0  
[2025-May-03 12:09:30] [trace] [  JLink] - JLINK_HasError()  
[2025-May-03 12:09:30] [trace] [  JLink] - JLINK_CORESIGHT_WriteAPDPReg(DP reg 0x02, 0x00000000)  
[2025-May-03 12:09:30] [trace] [  JLink] - - 0.530ms returns 0  
[2025-May-03 12:09:30] [trace] [  JLink] - JLINK_HasError()  
[2025-May-03 12:09:30] [trace] [  JLink] - JLINK_CORESIGHT_ReadAPDPReg(DP reg 0x01)  
[2025-May-03 12:09:30] [trace] [  JLink] - Value=0xFFFFFFFF
[2025-May-03 12:09:30] [trace] [  JLink] - - 0.537ms returns 0  
[2025-May-03 12:09:30] [trace] [  JLink] - JLINK_HasError()  
[2025-May-03 12:09:30] [debug] [SeggerBackend] - unpower_debug_and_system_regions
[2025-May-03 12:09:30] [debug] [SeggerBackend] - ---just_write_debug_port_register
[2025-May-03 12:09:30] [debug] [SeggerBackend] - ---just_select_debug_port_register
[2025-May-03 12:09:30] [trace] [  JLink] - JLINK_CORESIGHT_WriteAPDPReg(DP reg 0x01, 0x00000000)  
[2025-May-03 12:09:30] [trace] [  JLink] - - 0.524ms returns 0  
[2025-May-03 12:09:30] [trace] [  JLink] - JLINK_HasError()  
[2025-May-03 12:09:30] [debug] [SeggerBackend] - ---just_is_debug_region_powered
[2025-May-03 12:09:30] [debug] [SeggerBackend] - ---just_read_debug_port_register
[2025-May-03 12:09:30] [debug] [SeggerBackend] - ---just_select_debug_port_register
[2025-May-03 12:09:30] [trace] [  JLink] - JLINK_CORESIGHT_ReadAPDPReg(DP reg 0x01)  
[2025-May-03 12:09:30] [trace] [  JLink] - failed
[2025-May-03 12:09:30] [trace] [  JLink] - - 0.505ms returns -1  
[2025-May-03 12:09:30] [trace] [  JLink] - JLINK_HasError()  
[2025-May-03 12:09:30] [debug] [SeggerBackend] - ---just_abort_debug_action
[2025-May-03 12:09:30] [debug] [SeggerBackend] - Attempting to clear any configuration errors in debug port before closing connection. 
[2025-May-03 12:09:30] [trace] [  JLink] - JLINK_CORESIGHT_WriteAPDPReg(DP reg 0x00, 0x0000001F)  
[2025-May-03 12:09:30] [trace] [  JLink] - - 0.530ms returns 0  
[2025-May-03 12:09:30] [trace] [  JLink] - JLINK_HasError()  
[2025-May-03 12:09:30] [trace] [  JLink] - JLINK_CORESIGHT_ReadAPDPReg(DP reg 0x01)  
[2025-May-03 12:09:30] [trace] [  JLink] - Value=0xFFFFFFFC
[2025-May-03 12:09:30] [trace] [  JLink] - - 0.570ms returns 0  
[2025-May-03 12:09:30] [trace] [  JLink] - JLINK_HasError()  
[2025-May-03 12:09:30] [debug] [SeggerBackend] - ---just_write_debug_port_register
[2025-May-03 12:09:30] [debug] [SeggerBackend] - ---just_select_debug_port_register
[2025-May-03 12:09:30] [trace] [  JLink] - JLINK_CORESIGHT_WriteAPDPReg(DP reg 0x01, 0x00000000)  
[2025-May-03 12:09:30] [trace] [  JLink] - - 0.475ms returns 0  
[2025-May-03 12:09:30] [trace] [  JLink] - JLINK_HasError()  
[2025-May-03 12:09:30] [debug] [SeggerBackend] - ---just_is_debug_region_powered
[2025-May-03 12:09:30] [debug] [SeggerBackend] - ---just_read_debug_port_register
[2025-May-03 12:09:30] [debug] [SeggerBackend] - ---just_select_debug_port_register
[2025-May-03 12:09:30] [trace] [  JLink] - JLINK_CORESIGHT_ReadAPDPReg(DP reg 0x01)  
[2025-May-03 12:09:30] [trace] [  JLink] - failed
[2025-May-03 12:09:30] [trace] [  JLink] - - 0.552ms returns -1  
[2025-May-03 12:09:30] [trace] [  JLink] - JLINK_HasError()  
[2025-May-03 12:09:30] [debug] [SeggerBackend] - ---just_abort_debug_action
[2025-May-03 12:09:30] [debug] [SeggerBackend] - Attempting to clear any configuration errors in debug port before closing connection. 
[2025-May-03 12:09:30] [trace] [  JLink] - JLINK_CORESIGHT_WriteAPDPReg(DP reg 0x00, 0x0000001F)  
[2025-May-03 12:09:30] [trace] [  JLink] - - 0.539ms returns 0  
[2025-May-03 12:09:30] [trace] [  JLink] - JLINK_HasError()  
[2025-May-03 12:09:30] [trace] [  JLink] - JLINK_CORESIGHT_ReadAPDPReg(DP reg 0x01)  
[2025-May-03 12:09:30] [trace] [  JLink] - Value=0xFFFFFFE0
[2025-May-03 12:09:30] [trace] [  JLink] - - 0.576ms returns 0  
[2025-May-03 12:09:30] [trace] [  JLink] - JLINK_HasError()  
[2025-May-03 12:09:30] [debug] [SeggerBackend] - ---just_write_debug_port_register
[2025-May-03 12:09:30] [debug] [SeggerBackend] - ---just_select_debug_port_register
[2025-May-03 12:09:30] [trace] [  JLink] - JLINK_CORESIGHT_WriteAPDPReg(DP reg 0x01, 0x00000000)  
[2025-May-03 12:09:30] [trace] [  JLink] - - 0.578ms returns 0  
[2025-May-03 12:09:30] [trace] [  JLink] - JLINK_HasError()  
[2025-May-03 12:09:30] [debug] [SeggerBackend] - ---just_is_debug_region_powered
[2025-May-03 12:09:30] [debug] [SeggerBackend] - ---just_read_debug_port_register
[2025-May-03 12:09:30] [debug] [SeggerBackend] - ---just_select_debug_port_register
[2025-May-03 12:09:30] [trace] [  JLink] - JLINK_CORESIGHT_ReadAPDPReg(DP reg 0x01)  
[2025-May-03 12:09:30] [trace] [  JLink] - failed
[2025-May-03 12:09:30] [trace] [  JLink] - - 0.516ms returns -1  
[2025-May-03 12:09:30] [trace] [  JLink] - JLINK_HasError()  
[2025-May-03 12:09:30] [debug] [SeggerBackend] - ---just_abort_debug_action
[2025-May-03 12:09:30] [debug] [SeggerBackend] - Attempting to clear any configuration errors in debug port before closing connection. 
[2025-May-03 12:09:30] [trace] [  JLink] - JLINK_CORESIGHT_WriteAPDPReg(DP reg 0x00, 0x0000001F)  
[2025-May-03 12:09:30] [trace] [  JLink] - - 0.486ms returns -1  
[2025-May-03 12:09:30] [trace] [  JLink] - JLINK_HasError()  
[2025-May-03 12:09:30] [trace] [  JLink] - JLINK_CORESIGHT_WriteAPDPReg(DP reg 0x00, 0x0000001F)  
[2025-May-03 12:09:30] [trace] [  JLink] - - 0.564ms returns 0  
[2025-May-03 12:09:30] [trace] [  JLink] - JLINK_HasError()  
[2025-May-03 12:09:30] [trace] [  JLink] - JLINK_CORESIGHT_ReadAPDPReg(DP reg 0x01)  
[2025-May-03 12:09:30] [trace] [  JLink] - Value=0xFFFFFFFE
[2025-May-03 12:09:30] [trace] [  JLink] - - 0.525ms returns 0  
[2025-May-03 12:09:30] [trace] [  JLink] - JLINK_HasError()  
[2025-May-03 12:09:30] [debug] [SeggerBackend] - ---just_write_debug_port_register
[2025-May-03 12:09:30] [debug] [SeggerBackend] - ---just_select_debug_port_register
[2025-May-03 12:09:30] [trace] [  JLink] - JLINK_CORESIGHT_WriteAPDPReg(DP reg 0x01, 0x00000000)  
[2025-May-03 12:09:30] [trace] [  JLink] - - 0.497ms returns 0  
[2025-May-03 12:09:30] [trace] [  JLink] - JLINK_HasError()  
[2025-May-03 12:09:30] [debug] [SeggerBackend] - ---just_is_debug_region_powered
[2025-May-03 12:09:30] [debug] [SeggerBackend] - ---just_read_debug_port_register
[2025-May-03 12:09:30] [debug] [SeggerBackend] - ---just_select_debug_port_register
[2025-May-03 12:09:30] [trace] [  JLink] - JLINK_CORESIGHT_ReadAPDPReg(DP reg 0x01)  
[2025-May-03 12:09:30] [trace] [  JLink] - failed
[2025-May-03 12:09:30] [trace] [  JLink] - - 0.587ms returns -1  
[2025-May-03 12:09:30] [trace] [  JLink] - JLINK_HasError()  
[2025-May-03 12:09:30] [debug] [SeggerBackend] - ---just_abort_debug_action
[2025-May-03 12:09:30] [debug] [SeggerBackend] - Attempting to clear any configuration errors in debug port before closing connection. 
[2025-May-03 12:09:30] [trace] [  JLink] - JLINK_CORESIGHT_WriteAPDPReg(DP reg 0x00, 0x0000001F)  
[2025-May-03 12:09:30] [trace] [  JLink] - - 0.586ms returns 0  
[2025-May-03 12:09:30] [trace] [  JLink] - JLINK_HasError()  
[2025-May-03 12:09:30] [trace] [  JLink] - JLINK_CORESIGHT_ReadAPDPReg(DP reg 0x01)  
[2025-May-03 12:09:30] [trace] [  JLink] - Value=0xFFFFFFFC
[2025-May-03 12:09:30] [trace] [  JLink] - - 0.489ms returns 0  
[2025-May-03 12:09:30] [trace] [  JLink] - JLINK_HasError()  
[2025-May-03 12:09:30] [debug] [SeggerBackend] - ---just_write_debug_port_register
[2025-May-03 12:09:30] [debug] [SeggerBackend] - ---just_select_debug_port_register
[2025-May-03 12:09:30] [trace] [  JLink] - JLINK_CORESIGHT_WriteAPDPReg(DP reg 0x01, 0x00000000)  
[2025-May-03 12:09:30] [trace] [  JLink] - - 0.535ms returns 0  
[2025-May-03 12:09:30] [trace] [  JLink] - JLINK_HasError()  
[2025-May-03 12:09:30] [debug] [SeggerBackend] - ---just_is_debug_region_powered
[2025-May-03 12:09:30] [debug] [SeggerBackend] - ---just_read_debug_port_register
[2025-May-03 12:09:30] [debug] [SeggerBackend] - ---just_select_debug_port_register
[2025-May-03 12:09:30] [trace] [  JLink] - JLINK_CORESIGHT_ReadAPDPReg(DP reg 0x01)  
[2025-May-03 12:09:30] [trace] [  JLink] - failed
[2025-May-03 12:09:30] [trace] [  JLink] - - 0.517ms returns -1  
[2025-May-03 12:09:30] [trace] [  JLink] - JLINK_HasError()  
[2025-May-03 12:09:30] [debug] [SeggerBackend] - ---just_abort_debug_action
[2025-May-03 12:09:30] [debug] [SeggerBackend] - Attempting to clear any configuration errors in debug port before closing connection. 
[2025-May-03 12:09:30] [trace] [  JLink] - JLINK_CORESIGHT_WriteAPDPReg(DP reg 0x00, 0x0000001F)  
[2025-May-03 12:09:30] [trace] [  JLink] - - 0.481ms returns -1  
[2025-May-03 12:09:30] [trace] [  JLink] - JLINK_HasError()  
[2025-May-03 12:09:30] [trace] [  JLink] - JLINK_CORESIGHT_WriteAPDPReg(DP reg 0x00, 0x0000001F)  
[2025-May-03 12:09:30] [trace] [  JLink] - - 0.495ms returns -1  
[2025-May-03 12:09:30] [trace] [  JLink] - JLINK_HasError()  
[2025-May-03 12:09:30] [trace] [  JLink] - JLINK_CORESIGHT_WriteAPDPReg(DP reg 0x00, 0x0000001F)  
[2025-May-03 12:09:30] [trace] [  JLink] - - 0.492ms returns 0  
[2025-May-03 12:09:30] [trace] [  JLink] - JLINK_HasError()  
[2025-May-03 12:09:30] [trace] [  JLink] - JLINK_CORESIGHT_ReadAPDPReg(DP reg 0x01)  
[2025-May-03 12:09:30] [trace] [  JLink] - Value=0xFFFFFFFE
[2025-May-03 12:09:30] [trace] [  JLink] - - 0.481ms returns 0  
[2025-May-03 12:09:30] [trace] [  JLink] - JLINK_HasError()  
[2025-May-03 12:09:30] [debug] [SeggerBackend] - ---just_write_debug_port_register
[2025-May-03 12:09:30] [debug] [SeggerBackend] - ---just_select_debug_port_register
[2025-May-03 12:09:30] [trace] [  JLink] - JLINK_CORESIGHT_WriteAPDPReg(DP reg 0x01, 0x00000000)  
[2025-May-03 12:09:30] [trace] [  JLink] - - 0.500ms returns 0  
[2025-May-03 12:09:30] [trace] [  JLink] - JLINK_HasError()  
[2025-May-03 12:09:30] [debug] [SeggerBackend] - ---just_is_debug_region_powered
[2025-May-03 12:09:30] [debug] [SeggerBackend] - ---just_read_debug_port_register
[2025-May-03 12:09:30] [debug] [SeggerBackend] - ---just_select_debug_port_register
[2025-May-03 12:09:30] [trace] [  JLink] - JLINK_CORESIGHT_ReadAPDPReg(DP reg 0x01)  
[2025-May-03 12:09:30] [trace] [  JLink] - failed
[2025-May-03 12:09:30] [trace] [  JLink] - - 0.525ms returns -1  
[2025-May-03 12:09:30] [trace] [  JLink] - JLINK_HasError()  
[2025-May-03 12:09:30] [debug] [SeggerBackend] - ---just_abort_debug_action
[2025-May-03 12:09:30] [debug] [SeggerBackend] - Attempting to clear any configuration errors in debug port before closing connection. 
[2025-May-03 12:09:30] [trace] [  JLink] - JLINK_CORESIGHT_WriteAPDPReg(DP reg 0x00, 0x0000001F)  
[2025-May-03 12:09:30] [trace] [  JLink] - - 0.487ms returns -1  
[2025-May-03 12:09:30] [trace] [  JLink] - JLINK_HasError()  
[2025-May-03 12:09:30] [trace] [  JLink] - JLINK_CORESIGHT_WriteAPDPReg(DP reg 0x00, 0x0000001F)  
[2025-May-03 12:09:30] [trace] [  JLink] - - 0.508ms returns 0  
[2025-May-03 12:09:30] [trace] [  JLink] - JLINK_HasError()  
[2025-May-03 12:09:30] [trace] [  JLink] - JLINK_CORESIGHT_ReadAPDPReg(DP reg 0x01)  
[2025-May-03 12:09:30] [trace] [  JLink] - failed
[2025-May-03 12:09:30] [trace] [  JLink] - - 0.501ms returns -1  
[2025-May-03 12:09:30] [trace] [  JLink] - JLINK_HasError()  
[2025-May-03 12:09:30] [debug] [SeggerBackend] - ---just_abort_debug_action
[2025-May-03 12:09:30] [debug] [SeggerBackend] - Attempting to clear any configuration errors in debug port before closing connection. 
[2025-May-03 12:09:30] [trace] [  JLink] - JLINK_CORESIGHT_WriteAPDPReg(DP reg 0x00, 0x0000001F)  
[2025-May-03 12:09:30] [trace] [  JLink] - - 0.468ms returns 0  
[2025-May-03 12:09:30] [trace] [  JLink] - JLINK_HasError()  
[2025-May-03 12:09:30] [trace] [  JLink] - JLINK_CORESIGHT_ReadAPDPReg(DP reg 0x01)  
[2025-May-03 12:09:30] [trace] [  JLink] - failed
[2025-May-03 12:09:30] [trace] [  JLink] - - 0.475ms returns -1  
[2025-May-03 12:09:30] [trace] [[2025-May-03 12:10:26] [debug] --------------------------------------------------------------------------------
[2025-May-03 12:10:26] [debug] nrfjprog --recover --log 
[2025-May-03 12:10:26] [debug] nrfjprog version 10.24.2 external
[2025-May-03 12:10:26] [debug] --------------------------------------------------------------------------------
[2025-May-03 12:10:26] [ info] Load library at /Applications/Nordic Semiconductor/lib/libnrfjprogdll.dylib.
[2025-May-03 12:10:26] [ info] Library loaded, loading member functions.
[2025-May-03 12:10:26] [ info] Member functions succesfully loaded.
[2025-May-03 12:10:26] [debug] [ Client] - open
[2025-May-03 12:10:26] [debug] [ Client] - start
[2025-May-03 12:10:26] [ info] [ Client] - stdout: Jlinkarm nRF Worker ready. Handling sequence 658365f2-f14c-4f69-a5a3-8edfd00b89d8.
[2025-May-03 12:10:26] [debug] [SeggerBackend] - Logger sink registered in Segger backend logger
[2025-May-03 12:10:26] [debug] [  JLink] - Logger sink registered in JLink logger
[2025-May-03 12:10:26] [debug] [  nRFXX] - open
[2025-May-03 12:10:26] [debug] [  nRFXX] - just_check_family
[2025-May-03 12:10:26] [debug] [SeggerBackend] - open_dll
[2025-May-03 12:10:26] [debug] [SeggerBackend] - No J-Link DLL path was provided. Attempting to auto detect.
[2025-May-03 12:10:26] [trace] [ Client] - Command open executed for 16 milliseconds with result 0
[2025-May-03 12:10:26] [debug] [ Client] - config
[2025-May-03 12:10:26] [trace] [ Client] - Command config executed for 2 milliseconds with result 0
[2025-May-03 12:10:26] [debug] [ Client] - enum_emu_snr
[2025-May-03 12:10:26] [trace] [ Client] - Command enum_emu_con_info executed for 1 milliseconds with result 0
[2025-May-03 12:10:26] [debug] [ Client] - connect_to_emu_with_snr
[2025-May-03 12:10:26] [ info] [SeggerBackend] - Load library at /Applications/SEGGER/JLink/libjlinkarm.dylib.
[2025-May-03 12:10:26] [ info] [SeggerBackend] - Library loaded, loading member functions.
[2025-May-03 12:10:26] [ info] [SeggerBackend] - Member functions succesfully loaded.
[2025-May-03 12:10:26] [debug] [SeggerBackend] - Set batch mode
[2025-May-03 12:10:26] [debug] [SeggerBackend] - dll_version
[2025-May-03 12:10:26] [ info] [SeggerBackend] - Segger dll version 7.94.e loaded.
[2025-May-03 12:10:26] [trace] [ Worker] - Command open executed for 6 milliseconds with result 0
[2025-May-03 12:10:26] [debug] [  nRFXX] - config
[2025-May-03 12:10:26] [debug] [SeggerBackend] - enum_emu_snr
[2025-May-03 12:10:26] [trace] [ Worker] - Command config executed for 2 milliseconds with result 0
[2025-May-03 12:10:26] [debug] [  nRFXX] - enum_emu_con_info
[2025-May-03 12:10:26] [debug] [SeggerBackend] - is_connected_to_emu
[2025-May-03 12:10:26] [debug] [SeggerBackend] - enum_emu_con_info
[2025-May-03 12:10:26] [debug] [SeggerBackend] - is_connected_to_emu
[2025-May-03 12:10:26] [trace] [ Worker] - Command enum_emu_con_info executed for 1 milliseconds with result 0
[2025-May-03 12:10:26] [debug] [  nRFXX] - connect_to_emu_with_snr
[2025-May-03 12:10:26] [debug] [SeggerBackend] - is_connected_to_emu
[2025-May-03 12:10:26] [debug] [SeggerBackend] - connect_to_emu_with_snr
[2025-May-03 12:10:26] [debug] [SeggerBackend] - is_connected_to_emu
[2025-May-03 12:10:26] [debug] [SeggerBackend] - ---just_enum_emu_snr
[2025-May-03 12:10:26] [debug] [SeggerBackend] - ---just_get_num_emus
[2025-May-03 12:10:26] [debug] [SeggerBackend] - ---just_connect_to_emu_with_snr
[2025-May-03 12:10:26] [debug] [SeggerBackend] - ---just_connect_to_emu_without_snr
[2025-May-03 12:10:26] [debug] [SeggerBackend] - Segger logging enabled.
[2025-May-03 12:10:26] [trace] [  JLink] - Firmware: J-Link OB-nRF5340-NordicSemi compiled Sep 11 2024 13:35:00
[2025-May-03 12:10:26] [trace] [  JLink] - Firmware: J-Link OB-nRF5340-NordicSemi compiled Sep 11 2024 13:35:00
[2025-May-03 12:10:26] [trace] [  JLink] - Hardware: V1.00
[2025-May-03 12:10:26] [trace] [  JLink] - S/N: 1050209323
[2025-May-03 12:10:26] [trace] [  JLink] - OEM: SEGGER
[2025-May-03 12:10:26] [trace] [  JLink] - Feature(s): RDI, FlashBP, FlashDL, JFlash, GDB
[2025-May-03 12:10:26] [trace] [  JLink] - Bootloader: 2021 May 18
[2025-May-03 12:10:26] [trace] [  JLink] - USB speed mode: Full speed (12 MBit/s)
[2025-May-03 12:10:26] [trace] [  JLink] - TELNET listener socket opened on port 19021
[2025-May-03 12:10:26] [trace] [  JLink] - WEBSRV WEBSRV_Init(): Starting webserver thread(s)
[2025-May-03 12:10:26] [trace] [  JLink] - WEBSRV Webserver running on local port 19080
[2025-May-03 12:10:26] [trace] [  JLink] - Looking for J-Link GUI Server exe at: /Applications/SEGGER/JLink_V794e/JLinkGUIServerExe 
[2025-May-03 12:10:26] [trace] [  JLink] - Forking J-Link GUI Server: /Applications/SEGGER/JLink_V794e/JLinkGUIServerExe 
[2025-May-03 12:10:27] [trace] [  JLink] - J-Link GUI Server info: "J-Link GUI server V7.94e " 
[2025-May-03 12:10:27] [trace] [  JLink] - - 384.776ms returns "O.K."  
[2025-May-03 12:10:27] [trace] [  JLink] - JLINK_HasError()  
[2025-May-03 12:10:27] [trace] [  JLink] - JLINK_Lock()  
[2025-May-03 12:10:27] [trace] [ Client] - Command connect_to_emu_with_snr executed for 407 milliseconds with result 0
[2025-May-03 12:10:27] [trace] [  JLink] - JLINK_ExecCommand("SetRestartOnClose = 0", ...).   
[2025-May-03 12:10:27] [debug] [ Client] - read_connected_emu_snr
[2025-May-03 12:10:27] [trace] [ Client] - Command read_connected_emu_snr executed for 0 milliseconds with result 0
[2025-May-03 12:10:27] [debug] [ Client] - read_device_family
[2025-May-03 12:10:27] [trace] [  JLink] - - 0.004ms returns 0x01  
[2025-May-03 12:10:27] [trace] [  JLink] - JLINK_HasError()  
[2025-May-03 12:10:27] [trace] [  JLink] - JLINK_ExecCommand("DisableFlashDL", ...).   
[2025-May-03 12:10:27] [trace] [  JLink] - - 0.002ms returns 0x00  
[2025-May-03 12:10:27] [trace] [  JLink] - JLINK_HasError()  
[2025-May-03 12:10:27] [trace] [  JLink] - JLINK_ExecCommand("ExcludeFlashCacheRange 0x0-0xFFFFFFFF", ...).   
[2025-May-03 12:10:27] [trace] [  JLink] - - 0.001ms returns 0x00  
[2025-May-03 12:10:27] [trace] [  JLink] - JLINK_HasError()  
[2025-May-03 12:10:27] [trace] [  JLink] - JLINK_SetHookUnsecureDialog  
[2025-May-03 12:10:27] [trace] [  JLink] - JLINK_SetHookUnsecureDialog(...)
[2025-May-03 12:10:27] [trace] [  JLink] - - 0.004ms returns 0  
[2025-May-03 12:10:27] [trace] [  JLink] - JLINK_HasError()  
[2025-May-03 12:10:27] [trace] [  JLink] - JLINK_TIF_Select(JLINKARM_TIF_SWD)  
[2025-May-03 12:10:27] [trace] [  JLink] - - 0.679ms returns 0x00  
[2025-May-03 12:10:27] [trace] [  JLink] - JLINK_HasError()  
[2025-May-03 12:10:27] [trace] [  JLink] - JLINK_GetSpeedInfo()  
[2025-May-03 12:10:27] [trace] [  JLink] - 128000000 Hz / n, n >= 64
[2025-May-03 12:10:27] [trace] [  JLink] - - 0.007ms  
[2025-May-03 12:10:27] [trace] [  JLink] - JLINK_HasError()  
[2025-May-03 12:10:27] [debug] [SeggerBackend] - Connected emulator supports SWD speeds up to 2000kHz
[2025-May-03 12:10:27] [trace] [  JLink] - JLINK_SetSpeed(2000)  
[2025-May-03 12:10:27] [trace] [  JLink] - - 0.080ms  
[2025-May-03 12:10:27] [trace] [  JLink] - JLINK_HasError()  
[2025-May-03 12:10:27] [trace] [  JLink] - JLINK_GetSpeed()  
[2025-May-03 12:10:27] [trace] [  JLink] - - 0.001ms returns 2000  
[2025-May-03 12:10:27] [trace] [  JLink] - JLINK_HasError()  
[2025-May-03 12:10:27] [debug] [SeggerBackend] - SWD clock set to 2000kHz
[2025-May-03 12:10:27] [trace] [  JLink] - JLINK_GetSN()  
[2025-May-03 12:10:27] [trace] [  JLink] - - 0.002ms returns 1050209323  
[2025-May-03 12:10:27] [trace] [  JLink] - JLINK_HasError()  
[2025-May-03 12:10:27] [trace] [  JLink] - - 0.004ms  
[2025-May-03 12:10:27] [debug] [  nRFXX] - read_device_family
[2025-May-03 12:10:27] [debug] [  nRFXX] - read_device_family
[2025-May-03 12:10:27] [debug] [SeggerBackend] - is_connected_to_emu
[2025-May-03 12:10:27] [trace] [  JLink] - JLINK_IsOpen()  
[2025-May-03 12:10:27] [trace] [  JLink] - - 0.001ms returns 0x01  
[2025-May-03 12:10:27] [trace] [  JLink] - JLINK_HasError()  
[2025-May-03 12:10:27] [trace] [  JLink] - JLINK_Lock()  
[2025-May-03 12:10:27] [debug] [SeggerBackend] - is_connected_to_emu
[2025-May-03 12:10:27] [debug] [SeggerBackend] - read_debug_port_idr
[2025-May-03 12:10:27] [debug] [SeggerBackend] - read_debug_port_register
[2025-May-03 12:10:27] [debug] [SeggerBackend] - ---just_read_debug_port_register
[2025-May-03 12:10:27] [debug] [SeggerBackend] - coresight_configure
[2025-May-03 12:10:27] [trace] [  JLink] - JLINK_GetHWStatus(...)  
[2025-May-03 12:10:27] [trace] [  JLink] - - 0.169ms returns 0  
[2025-May-03 12:10:27] [trace] [  JLink] - JLINK_HasError()  
[2025-May-03 12:10:27] [trace] [  JLink] - JLINK_CORESIGHT_Configure()  
[2025-May-03 12:10:27] [trace] [  JLink] - - 1.926ms returns 0  
[2025-May-03 12:10:27] [trace] [  JLink] - JLINK_HasError()  
[2025-May-03 12:10:27] [debug] [SeggerBackend] - read_debug_port_idr
[2025-May-03 12:10:27] [debug] [SeggerBackend] - read_debug_port_register
[2025-May-03 12:10:27] [debug] [SeggerBackend] - ---just_read_debug_port_register
[2025-May-03 12:10:27] [debug] [SeggerBackend] - ---just_select_debug_port_register
[2025-May-03 12:10:27] [debug] [SeggerBackend] - Select AP 255, DP Bank 0, AP Bank 255
[2025-May-03 12:10:27] [trace] [  JLink] - JLINK_CORESIGHT_WriteAPDPReg(DP reg 0x02, 0x00000000)  
[2025-May-03 12:10:27] [trace] [  JLink] - - 0.505ms returns 0  
[2025-May-03 12:10:27] [trace] [  JLink] - JLINK_HasError()  
[2025-May-03 12:10:27] [trace] [  JLink] - JLINK_CORESIGHT_ReadAPDPReg(DP reg 0x00)  
[2025-May-03 12:10:27] [trace] [  JLink] - Value=0xFFFFFFF8
[2025-May-03 12:10:27] [trace] [  JLink] - - 0.515ms returns 0  
[2025-May-03 12:10:27] [trace] [  JLink] - JLINK_HasError()  
[2025-May-03 12:10:27] [debug] [SeggerBackend] - ---just_select_debug_port_register
[2025-May-03 12:10:27] [trace] [  JLink] - JLINK_CORESIGHT_ReadAPDPReg(DP reg 0x00)  
[2025-May-03 12:10:27] [trace] [  JLink] - Value=0xFFFFFFFE
[2025-May-03 12:10:27] [trace] [  JLink] - - 0.511ms returns 0  
[2025-May-03 12:10:27] [trace] [  JLink] - JLINK_HasError()  
[2025-May-03 12:10:27] [error] [  nRFXX] - Device does not have an ARM debug port.
[2025-May-03 12:10:27] [trace] [  JLink] - - 0.022ms  
[2025-May-03 12:10:27] [debug] [SeggerBackend] - set_core_data
[2025-May-03 12:10:27] [debug] [SeggerBackend] - Set core data:
[2025-May-03 12:10:27] [debug] [SeggerBackend] -   Device ID: Cortex-M4
[2025-May-03 12:10:27] [debug] [SeggerBackend] -   Expected core: 4294967295
[2025-May-03 12:10:27] [debug] [SeggerBackend] -   Existing Expected core: 4294967295
[2025-May-03 12:10:27] [debug] [SeggerBackend] -   Coprocessor: APPLICATION
[2025-May-03 12:10:27] [debug] [SeggerBackend] -   AHB AP index: 0
[2025-May-03 12:10:27] [debug] [SeggerBackend] -   Core base address: 4294967295
[2025-May-03 12:10:27] [trace] [ Worker] - Command connect_to_emu_with_snr executed for 407 milliseconds with result 0
[2025-May-03 12:10:27] [debug] [  nRFXX] - read_connected_emu_snr
[2025-May-03 12:10:27] [debug] [SeggerBackend] - is_connected_to_emu
[2025-May-03 12:10:27] [trace] [  JLink] - JLINK_IsOpen()  
[2025-May-03 12:10:27] [trace] [  JLink] - - 0.003ms returns 0x01  
[2025-May-03 12:10:27] [trace] [  JLink] - JLINK_HasError()  
[2025-May-03 12:10:27] [trace] [  JLink] - JLINK_Lock()  
[2025-May-03 12:10:27] [debug] [SeggerBackend] - read_connected_emu_snr
[2025-May-03 12:10:27] [trace] [  JLink] - - 0.004ms  
[2025-May-03 12:10:27] [trace] [ Worker] - Command read_connected_emu_snr executed for 0 milliseconds with result 0
[2025-May-03 12:10:27] [debug] [  nRFXX] - read_device_family
[2025-May-03 12:10:27] [debug] [SeggerBackend] - is_connected_to_emu
[2025-May-03 12:10:27] [trace] [  JLink] - JLINK_IsOpen()  
[2025-May-03 12:10:27] [trace] [  JLink] - - 0.001ms returns 0x01  
[2025-May-03 12:10:27] [trace] [  JLink] - JLINK_HasError()  
[2025-May-03 12:10:27] [trace] [  JLink] - JLINK_Lock()  
[2025-May-03 12:10:27] [debug] [SeggerBackend] - is_connected_to_emu
[2025-May-03 12:10:27] [debug] [SeggerBackend] - read_debug_port_idr
[2025-May-03 12:10:27] [debug] [SeggerBackend] - read_debug_port_register
[2025-May-03 12:10:27] [debug] [SeggerBackend] - ---just_read_debug_port_register
[2025-May-03 12:10:27] [debug] [SeggerBackend] - ---just_select_debug_port_register
[2025-May-03 12:10:27] [debug] [SeggerBackend] - Select AP 255, DP Bank 0, AP Bank 255
[2025-May-03 12:10:27] [trace] [  JLink] - JLINK_CORESIGHT_WriteAPDPReg(DP reg 0x02, 0x00000000)  
[2025-May-03 12:10:27] [trace] [ Client] - Command read_device_family executed for 1 milliseconds with result 0
[2025-May-03 12:10:27] [debug] [ Client] - select_family
[2025-May-03 12:10:27] [trace] [ Client] - Command select_family executed for 0 milliseconds with result 0
[2025-May-03 12:10:27] [debug] [ Client] - recover
[2025-May-03 12:10:27] [error] [ Client] - Encountered error -21: Command recover executed for 0 milliseconds with result -21
[2025-May-03 12:10:27] [trace] [  JLink] - - 0.489ms returns 0  
[2025-May-03 12:10:27] [trace] [  JLink] - JLINK_HasError()  
[2025-May-03 12:10:27] [trace] [  JLink] - JLINK_CORESIGHT_ReadAPDPReg(DP reg 0x00)  
[2025-May-03 12:10:27] [trace] [  JLink] - Value=0xFFFFFFFC
[2025-May-03 12:10:27] [trace] [  JLink] - - 0.539ms returns 0  
[2025-May-03 12:10:27] [trace] [  JLink] - JLINK_HasError()  
[2025-May-03 12:10:27] [error] [  nRFXX] - Device does not have an ARM debug port.
[2025-May-03 12:10:27] [trace] [  JLink] - - 0.003ms  
[2025-May-03 12:10:27] [trace] [ Worker] - Command read_device_family executed for 1 milliseconds with result 0
[2025-May-03 12:10:27] [debug] [SeggerBackend] - set_core_data
[2025-May-03 12:10:27] [debug] [SeggerBackend] - Set core data:
[2025-May-03 12:10:27] [debug] [SeggerBackend] -   Device ID: Cortex-M4
[2025-May-03 12:10:27] [debug] [SeggerBackend] -   Expected core: 4294967295
[2025-May-03 12:10:27] [debug] [SeggerBackend] -   Existing Expected core: 4294967295
[2025-May-03 12:10:27] [debug] [SeggerBackend] -   Coprocessor: APPLICATION
[2025-May-03 12:10:27] [debug] [SeggerBackend] -   AHB AP index: 0
[2025-May-03 12:10:27] [debug] [SeggerBackend] -   Core base address: 4294967295
[2025-May-03 12:10:27] [trace] [ Worker] - Command select_family executed for 0 milliseconds with result 0
[2025-May-03 12:10:27] [debug] [  nRFXX] - recover
[2025-May-03 12:10:27] [debug] [SeggerBackend] - is_connected_to_emu
[2025-May-03 12:10:27] [trace] [  JLink] - JLINK_IsOpen()  
[2025-May-03 12:10:27] [trace] [  JLink] - - 0.003ms returns 0x01  
[2025-May-03 12:10:27] [trace] [  JLink] - JLINK_HasError()  
[2025-May-03 12:10:27] [trace] [  JLink] - JLINK_Lock()  
[2025-May-03 12:10:27] [debug] [SeggerBackend] - is_connected_to_emu
[2025-May-03 12:10:27] [trace] [  JLink] - - 0.149ms  
[2025-May-03 12:10:27] [error] [ Worker] - This function cannot be executed without a known family.
[2025-May-03 12:10:27] [trace] [ Worker] - Command recover executed for 0 milliseconds with result -21
[2025-May-03 12:10:27] [debug] [  nRFXX] - close
[2025-May-03 12:10:27] [debug] [SeggerBackend] - is_connected_to_emu
[2025-May-03 12:10:27] [trace] [  JLink] - JLINK_IsOpen()  
[2025-May-03 12:10:27] [trace] [  JLink] - - 0.003ms returns 0x01  
[2025-May-03 12:10:27] [trace] [  JLink] - JLINK_HasError()  
[2025-May-03 12:10:27] [trace] [  JLink] - JLINK_Lock()  
[2025-May-03 12:10:27] [debug] [SeggerBackend] - close
[2025-May-03 12:10:27] [debug] [SeggerBackend] - disconnect_from_emu
[2025-May-03 12:10:27] [debug] [SeggerBackend] - ---just_disconnect_from_emu
[2025-May-03 12:10:27] [debug] [SeggerBackend] - is_connected_to_device
[2025-May-03 12:10:27] [trace] [  JLink] - JLINK_IsConnected()  
[2025-May-03 12:10:27] [trace] [  JLink] - - 0.001ms returns FALSE  
[2025-May-03 12:10:27] [trace] [  JLink] - JLINK_HasError()  
[2025-May-03 12:10:27] [debug] [SeggerBackend] - ---just_is_debug_region_powered
[2025-May-03 12:10:27] [debug] [SeggerBackend] - ---just_read_debug_port_register
[2025-May-03 12:10:27] [debug] [SeggerBackend] - ---just_select_debug_port_register
[2025-May-03 12:10:27] [debug] [SeggerBackend] - Select AP 255, DP Bank 0, AP Bank 255
[2025-May-03 12:10:27] [trace] [  JLink] - JLINK_CORESIGHT_WriteAPDPReg(DP reg 0x02, 0x00000000)  
[2025-May-03 12:10:27] [trace] [  JLink] - - 0.499ms returns 0  
[2025-May-03 12:10:27] [trace] [  JLink] - JLINK_HasError()  
[2025-May-03 12:10:27] [trace] [  JLink] - JLINK_CORESIGHT_ReadAPDPReg(DP reg 0x01)  
[2025-May-03 12:10:27] [trace] [  JLink] - Value=0xFFFFFFE0
[2025-May-03 12:10:27] [trace] [  JLink] - - 0.540ms returns 0  
[2025-May-03 12:10:27] [trace] [  JLink] - JLINK_HasError()  
[2025-May-03 12:10:27] [debug] [SeggerBackend] - unpower_debug_and_system_regions
[2025-May-03 12:10:27] [debug] [SeggerBackend] - ---just_write_debug_port_register
[2025-May-03 12:10:27] [debug] [SeggerBackend] - ---just_select_debug_port_register
[2025-May-03 12:10:27] [trace] [  JLink] - JLINK_CORESIGHT_WriteAPDPReg(DP reg 0x01, 0x00000000)  
[2025-May-03 12:10:27] [trace] [  JLink] - - 0.485ms returns 0  
[2025-May-03 12:10:27] [trace] [  JLink] - JLINK_HasError()  
[2025-May-03 12:10:27] [debug] [SeggerBackend] - ---just_is_debug_region_powered
[2025-May-03 12:10:27] [debug] [SeggerBackend] - ---just_read_debug_port_register
[2025-May-03 12:10:27] [debug] [SeggerBackend] - ---just_select_debug_port_register
[2025-May-03 12:10:27] [trace] [  JLink] - JLINK_CORESIGHT_ReadAPDPReg(DP reg 0x01)  
[2025-May-03 12:10:27] [trace] [  JLink] - failed
[2025-May-03 12:10:27] [trace] [  JLink] - - 0.528ms returns -1  
[2025-May-03 12:10:27] [trace] [  JLink] - JLINK_HasError()  
[2025-May-03 12:10:27] [debug] [SeggerBackend] - ---just_abort_debug_action
[2025-May-03 12:10:27] [debug] [SeggerBackend] - Attempting to clear any configuration errors in debug port before closing connection. 
[2025-May-03 12:10:27] [trace] [  JLink] - JLINK_CORESIGHT_WriteAPDPReg(DP reg 0x00, 0x0000001F)  
[2025-May-03 12:10:27] [trace] [  JLink] - - 0.487ms returns -1  
[2025-May-03 12:10:27] [trace] [  JLink] - JLINK_HasError()  
[2025-May-03 12:10:27] [trace] [  JLink] - JLINK_CORESIGHT_WriteAPDPReg(DP reg 0x00, 0x0000001F)  
[2025-May-03 12:10:27] [trace] [  JLink] - - 0.594ms returns -1  
[2025-May-03 12:10:27] [trace] [  JLink] - JLINK_HasError()  
[2025-May-03 12:10:27] [trace] [  JLink] - JLINK_CORESIGHT_WriteAPDPReg(DP reg 0x00, 0x0000001F)  
[2025-May-03 12:10:27] [trace] [  JLink] - - 0.500ms returns 0  
[2025-May-03 12:10:27] [trace] [  JLink] - JLINK_HasError()  
[2025-May-03 12:10:27] [trace] [  JLink] - JLINK_CORESIGHT_ReadAPDPReg(DP reg 0x01)  
[2025-May-03 12:10:27] [trace] [  JLink] - Value=0xFFFFFFFC
[2025-May-03 12:10:27] [trace] [  JLink] - - 0.492ms returns 0  
[2025-May-03 12:10:27] [trace] [  JLink] - JLINK_HasError()  
[2025-May-03 12:10:27] [debug] [SeggerBackend] - ---just_write_debug_port_register
[2025-May-03 12:10:27] [debug] [SeggerBackend] - ---just_select_debug_port_register
[2025-May-03 12:10:27] [trace] [  JLink] - JLINK_CORESIGHT_WriteAPDPReg(DP reg 0x01, 0x00000000)  
[2025-May-03 12:10:27] [trace] [  JLink] - - 0.588ms returns 0  
[2025-May-03 12:10:27] [trace] [  JLink] - JLINK_HasError()  
[2025-May-03 12:10:27] [debug] [SeggerBackend] - ---just_is_debug_region_powered
[2025-May-03 12:10:27] [debug] [SeggerBackend] - ---just_read_debug_port_register
[2025-May-03 12:10:27] [debug] [SeggerBackend] - ---just_select_debug_port_register
[2025-May-03 12:10:27] [trace] [  JLink] - JLINK_CORESIGHT_ReadAPDPReg(DP reg 0x01)  
[2025-May-03 12:10:27] [trace] [  JLink] - failed
[2025-May-03 12:10:27] [trace] [  JLink] - - 0.769ms returns -1  
[2025-May-03 12:10:27] [trace] [  JLink] - JLINK_HasError()  
[2025-May-03 12:10:27] [debug] [SeggerBackend] - ---just_abort_debug_action
[2025-May-03 12:10:27] [debug] [SeggerBackend] - Attempting to clear any configuration errors in debug port before closing connection. 
[2025-May-03 12:10:27] [trace] [  JLink] - JLINK_CORESIGHT_WriteAPDPReg(DP reg 0x00, 0x0000001F)  
[2025-May-03 12:10:27] [trace] [  JLink] - - 0.489ms returns -1  
[2025-May-03 12:10:27] [trace] [  JLink] - JLINK_HasError()  
[2025-May-03 12:10:27] [trace] [  JLink] - JLINK_CORESIGHT_WriteAPDPReg(DP reg 0x00, 0x0000001F)  
[2025-May-03 12:10:27] [trace] [  JLink] - - 0.531ms returns 0  
[2025-May-03 12:10:27] [trace] [  JLink] - JLINK_HasError()  
[2025-May-03 12:10:27] [trace] [  JLink] - JLINK_CORESIGHT_ReadAPDPReg(DP reg 0x01)  
[2025-May-03 12:10:27] [trace] [  JLink] - Value=0xFFFFFFFE
[2025-May-03 12:10:27] [trace] [  JLink] - - 0.489ms returns 0  
[2025-May-03 12:10:27] [trace] [  JLink] - JLINK_HasError()  
[2025-May-03 12:10:27] [debug] [SeggerBackend] - ---just_write_debug_port_register
[2025-May-03 12:10:27] [debug] [SeggerBackend] - ---just_select_debug_port_register
[2025-May-03 12:10:27] [trace] [  JLink] - JLINK_CORESIGHT_WriteAPDPReg(DP reg 0x01, 0x00000000)  
[2025-May-03 12:10:27] [trace] [  JLink] - - 0.475ms returns -1  
[2025-May-03 12:10:27] [trace] [  JLink] - JLINK_HasError()  
[2025-May-03 12:10:27] [debug] [SeggerBackend] - ---just_abort_debug_action
[2025-May-03 12:10:27] [debug] [SeggerBackend] - Attempting to clear any configuration errors in debug port before closing connection. 
[2025-May-03 12:10:27] [trace] [  JLink] - JLINK_CORESIGHT_WriteAPDPReg(DP reg 0x00, 0x0000001F)  
[2025-May-03 12:10:27] [trace] [  JLink] - - 0.480ms returns 0  
[2025-May-03 12:10:27] [trace] [  JLink] - JLINK_HasError()  
[2025-May-03 12:10:27] [trace] [  JLink] - JLINK_CORESIGHT_WriteAPDPReg(DP reg 0x01, 0x00000000)  
[2025-May-03 12:10:27] [trace] [  JLink] - - 0.480ms returns 0  
[2025-May-03 12:10:27] [trace] [  JLink] - JLINK_HasError()  
[2025-May-03 12:10:27] [debug] [SeggerBackend] - ---just_is_debug_region_powered
[2025-May-03 12:10:27] [debug] [SeggerBackend] - ---just_read_debug_port_register
[2025-May-03 12:10:27] [debug] [SeggerBackend] - ---just_select_debug_port_register
[2025-May-03 12:10:27] [trace] [  JLink] - JLINK_CORESIGHT_ReadAPDPReg(DP reg 0x01)  
[2025-May-03 12:10:27] [trace] [  JLink] - failed
[2025-May-03 12:10:27] [trace] [  JLink] - - 0.557ms returns -1  
[2025-May-03 12:10:27] [trace] [  JLink] - JLINK_HasError()  
[2025-May-03 12:10:27] [debug] [SeggerBackend] - ---just_abort_debug_action
[2025-May-03 12:10:27] [debug] [SeggerBackend] - Attempting to clear any configuration errors in debug port before closing connection. 
[2025-May-03 12:10:27] [trace] [  JLink] - JLINK_CORESIGHT_WriteAPDPReg(DP reg 0x00, 0x0000001F)  
[2025-May-03 12:10:27] [trace] [  JLink] - - 0.488ms returns -1  
[2025-May-03 12:10:27] [trace] [  JLink] - JLINK_HasError()  
[2025-May-03 12:10:27] [trace] [  JLink] - JLINK_CORESIGHT_WriteAPDPReg(DP reg 0x00, 0x0000001F)  
[2025-May-03 12:10:27] [trace] [  JLink] - - 0.529ms returns 0  
[2025-May-03 12:10:27] [trace] [  JLink] - JLINK_HasError()  
[2025-May-03 12:10:27] [trace] [  JLink] - JLINK_CORESIGHT_ReadAPDPReg(DP reg 0x01)  
[2025-May-03 12:10:27] [trace] [  JLink] - failed
[2025-May-03 12:10:27] [trace] [  JLink] - - 0.479ms returns -1  
[2025-May-03 12:10:27] [trace] [  JLink] - JLINK_HasError()  
[2025-May-03 12:10:27] [debug] [SeggerBackend] - ---just_abort_debug_action
[2025-May-03 12:10:27] [debug] [SeggerBackend] - Attempting to clear any configuration errors in debug port before closing connection. 
[2025-May-03 12:10:27] [trace] [  JLink] - JLINK_CORESIGHT_WriteAPDPReg(DP reg 0x00, 0x0000001F)  
[2025-May-03 12:10:27] [trace] [  JLink] - - 0.503ms returns 0  
[2025-May-03 12:10:27] [trace] [  JLink] - JLINK_HasError()  
[2025-May-03 12:10:27] [trace] [  JLink] - JLINK_CORESIGHT_ReadAPDPReg(DP reg 0x01)  
[2025-May-03 12:10:27] [trace] [  JLink] - Value=0xFFFFFFFC
[2025-May-03 12:10:27] [trace] [  JLink] - - 0.592ms returns 0  
[2025-May-03 12:10:27] [trace] [  JLink] - JLINK_HasError()  
[2025-May-03 12:10:27] [debug] [SeggerBackend] - ---just_write_debug_port_register
[2025-May-03 12:10:27] [debug] [SeggerBackend] - ---just_select_debug_port_register
[2025-May-03 12:10:27] [trace] [  JLink] - JLINK_CORESIGHT_WriteAPDPReg(DP reg 0x01, 0x00000000)  
[2025-May-03 12:10:27] [trace] [  JLink] - - 0.526ms returns 0  
[2025-May-03 12:10:27] [trace] [  JLink] - JLINK_HasError()  
[2025-May-03 12:10:27] [debug] [SeggerBackend] - ---just_is_debug_region_powered
[2025-May-03 12:10:27] [debug] [SeggerBackend] - ---just_read_debug_port_register
[2025-May-03 12:10:27] [debug] [SeggerBackend] - ---just_select_debug_port_register
[2025-May-03 12:10:27] [trace] [  JLink] - JLINK_CORESIGHT_ReadAPDPReg(DP reg 0x01)  
[2025-May-03 12:10:27] [trace] [  JLink] - failed
[2025-May-03 12:10:27] [trace] [  JLink] - - 0.478ms returns -1  
[2025-May-03 12:10:27] [trace] [  JLink] - JLINK_HasError()  
[2025-May-03 12:10:27] [debug] [SeggerBackend] - ---just_abort_debug_action
[2025-May-03 12:10:27] [debug] [SeggerBackend] - Attempting to clear any configuration errors in debug port before closing connection. 
[2025-May-03 12:10:27] [trace] [  JLink] - JLINK_CORESIGHT_WriteAPDPReg(DP reg 0x00, 0x0000001F)  
[2025-May-03 12:10:27] [trace] [  JLink] - - 0.491ms returns -1  
[2025-May-03 12:10:27] [trace] [  JLink] - JLINK_HasError()  
[2025-May-03 12:10:27] [trace] [  JLink] - JLINK_CORESIGHT_WriteAPDPReg(DP reg 0x00, 0x0000001F)  
[2025-May-03 12:10:27] [trace] [  JLink] - - 0.493ms returns 0  
[2025-May-03 12:10:27] [trace] [  JLink] - JLINK_HasError()  
[2025-May-03 12:10:27] [trace] [  JLink] - JLINK_CORESIGHT_ReadAPDPReg(DP reg 0x01)  
[2025-May-03 12:10:27] [trace] [  JLink] - Value=0xFFFFFFFF
[2025-May-03 12:10:27] [trace] [  JLink] - - 0.586ms returns 0  
[2025-May-03 12:10:27] [trace] [  JLink] - JLINK_HasError()  
[2025-May-03 12:10:27] [debug] [SeggerBackend] - ---just_write_debug_port_register
[2025-May-03 12:10:27] [debug] [SeggerBackend] - ---just_select_debug_port_register
[2025-May-03 12:10:27] [trace] [  JLink] - JLINK_CORESIGHT_WriteAPDPReg(DP reg 0x01, 0x00000000)  
[2025-May-03 12:10:27] [trace] [  JLink] - - 0.523ms returns 0  
[2025-May-03 12:10:27] [trace] [  JLink] - JLINK_HasError()  
[2025-May-03 12:10:27] [debug] [SeggerBackend] - ---just_is_debug_region_powered
[2025-May-03 12:10:27] [debug] [SeggerBackend] - ---just_read_debug_port_register
[2025-May-03 12:10:27] [debug] [SeggerBackend] - ---just_select_debug_port_register
[2025-May-03 12:10:27] [trace] [  JLink] - JLINK_CORESIGHT_ReadAPDPReg(DP reg 0x01)  
[2025-May-03 12:10:27] [trace] [  JLink] - failed
[2025-May-03 12:10:27] [trace] [  JLink] - - 0.546ms returns -1  
[2025-May-03 12:10:27] [trace] [  JLink] - JLINK_HasError()  
[2025-May-03 12:10:27] [debug] [SeggerBackend] - ---just_abort_debug_action
[2025-May-03 12:10:27] [debug] [SeggerBackend] - Attempting to clear any configuration errors in debug port before closing connection. 
[2025-May-03 12:10:27] [trace] [  JLink] - JLINK_CORESIGHT_WriteAPDPReg(DP reg 0x00, 0x0000001F)  
[2025-May-03 12:10:27] [trace] [  JLink] - - 0.506ms returns -1  
[2025-May-03 12:10:27] [trace] [  JLink] - JLINK_HasError()  
[2025-May-03 12:10:27] [trace] [  JLink] - JLINK_CORESIGHT_WriteAPDPReg(DP reg 0x00, 0x0000001F)  
[2025-May-03 12:10:27] [trace] [  JLink] - - 0.563ms returns 0  
[2025-May-03 12:10:27] [trace] [  JLink] - JLINK_HasError()  
[2025-May-03 12:10:27] [trace] [  JLink] - JLINK_CORESIGHT_ReadAPDPReg(DP reg 0x01)  
[2025-May-03 12:10:27] [trace] [  JLink] - Value=0xFFFFFFFE
[2025-May-03 12:10:27] [trace] [  JLink] - - 0.496ms returns 0  
[2025-May-03 12:10:27] [trace] [  JLink] - JLINK_HasError()  
[2025-May-03 12:10:27] [debug] [SeggerBackend] - ---just_write_debug_port_register
[2025-May-03 12:10:27] [debug] [SeggerBackend] - ---just_select_debug_port_register
[2025-May-03 12:10:27] [trace] [  JLink] - JLINK_CORESIGHT_WriteAPDPReg(DP reg 0x01, 0x00000000)  
[2025-May-03 12:10:27] [trace] [  JLink] - - 0.505ms returns -1  
[2025-May-03 12:10:27] [trace] [  JLink] - JLINK_HasError()  
[2025-May-03 12:10:27] [debug] [SeggerBackend] - ---just_abort_debug_action
[2025-May-03 12:10:27] [debug] [SeggerBackend] - Attempting to clear any configuration errors in debug port before closing connection. 
[2025-May-03 12:10:27] [trace] [  JLink] - JLINK_CORESIGHT_WriteAPDPReg(DP reg 0x00, 0x0000001F)  
[2025-May-03 12:10:27] [trace] [  JLink] - - 0.588ms returns 0  
[2025-May-03 12:10:27] [trace] [  JLink] - JLINK_HasError()  
[2025-May-03 12:10:27] [trace] [  JLink] - JLINK_CORESIGHT_WriteAPDPReg(DP reg 0x01, 0x00000000)  
[2025-May-03 12:10:27] [trace] [  JLink] - - 0.541ms returns 0  
[2025-May-03 12:10:27] [trace] [  JLink] - JLINK_HasError()  
[2025-May-03 12:10:27] [debug] [SeggerBackend] - ---just_is_debug_region_powered
[2025-May-03 12:10:27] [debug] [SeggerBackend] - ---just_read_debug_port_register
[2025-May-03 12:10:27] [debug] [SeggerBackend] - ---just_select_debug_port_register
[2025-May-03 12:10:27] [trace] [  JLink] - JLINK_CORESIGHT_ReadAPDPReg(DP reg 0x01)  
[2025-May-03 12:10:27] [trace] [  JLink] - failed
[2025-May-03 12:10:27] [trace] [  JLink] - - 0.547ms returns -1  
[2025-May-03 12:10:27] [trace] [  JLink] - JLINK_HasError()  
[2025-May-03 12:10:27] [debug] [SeggerBackend] - ---just_abort_debug_action
[2025-May-03 12:10:27] [debug] [SeggerBackend] - Attempting to clear any configuration errors in debug port before closing connection. 
[2025-May-03 12:10:27] [trace] [  JLink] - JLINK_CORESIGHT_WriteAPDPReg(DP reg 0x00, 0x0000001F)  
[2025-May-03 12:10:27] [trace] [  JLink] - - 0.532ms returns 0  
[2025-May-03 12:10:27] [trace] [  JLink] - JLINK_HasError()  
[2025-May-03 12:10:27] [trace] [  JLink] - JLINK_CORESIGHT_ReadAPDPReg(DP reg 0x01)  
[2025-May-03 12:10:27] [trace] [  JLink] - Value=0xFFFFFFFF
[2025-May-03 12:10:27] [trace] [  JLink] - - 0.498ms returns 0  
[2025-May-03 12:10:27] [trace] [  JLink] - JLINK_HasError()  
[2025-May-03 12:10:27] [debug] [SeggerBackend] - ---just_write_debug_port_register
[2025-May-03 12:10:27] [debug] [SeggerBackend] - ---just_select_debug_port_register
[2025-May-03 12:10:27] [trace] [  JLink] - JLINK_CORESIGHT_WriteAPDPReg(DP reg 0x01, 0x00000000)  
[2025-May-03 12:10:27] [trace] [  JLink] - - 0.530ms returns 0  
[2025-May-03 12:10:27] [trace] [  JLink] - JLINK_HasError()  
[2025-May-03 12:10:27] [debug] [SeggerBackend] - ---just_is_debug_region_powered
[2025-May-03 12:10:27] [debug] [SeggerBackend] - ---just_read_debug_port_register
[2025-May-03 12:10:27] [debug] [SeggerBackend] - ---just_select_debug_port_register
[2025-May-03 12:10:27] [trace] [  JLink] - JLINK_CORESIGHT_ReadAPDPReg(DP reg 0x01)  
[2025-May-03 12:10:27] [trace] [  JLink] - failed
[2025-May-03 12:10:27] [trace] [  JLink] - - 0.519ms returns -1  
[2025-May-03 12:10:27] [trace] [  JLink] - JLINK_HasError()  
[2025-May-03 12:10:27] [debug] [SeggerBackend] - ---just_abort_debug_action
[2025-May-03 12:10:27] [debug] [SeggerBackend] - Attempting to clear any configuration errors in debug port before closing connection. 
[2025-May-03 12:10:27] [trace] [  JLink] - JLINK_CORESIGHT_WriteAPDPReg(DP reg 0x00, 0x0000001F)  
[2025-May-03 12:10:27] [trace] [  JLink] - - 0.486ms returns -1  
[2025-May-03 12:10:27] [trace] [  JLink] - JLINK_HasError()  
[2025-May-03 12:10:27] [trace] [  JLink] - JLINK_CORESIGHT_WriteAPDPReg(DP reg 0x00, 0x0000001F)  
[2025-May-03 12:10:27] [trace] [  JLink] - - 0.468ms returns -1  
[2025-May-03 12:10:27] [trace] [  JLink] - JLINK_HasError()  
[2025-May-03 12:10:27] [trace] [  JLink] - JLINK_CORESIGHT_WriteAPDPReg(DP reg 0x00, 0x0000001F)  
[2025-May-03 12:10:27] [trace] [  JLink] - - 0.493ms returns 0  
[2025-May-03 12:10:27] [trace] [  JLink] - JLINK_HasError()  
[2025-May-03 12:10:27] [trace] [  JLink] - JLINK_CORESIGHT_ReadAPDPReg(DP reg 0x01)  
[2025-May-03 12:10:27] [trace] [  JLink] - Value=0xFFFFFFFE
[2025-May-03 12:10:27] [trace] [  JLink] - - 0.524ms returns 0  
[2025-May-03 12:10:27] [trace] [  JLink] - JLINK_HasError()  
[2025-May-03 12:10:27] [debug] [SeggerBackend] - ---just_write_debug_port_register
[2025-May-03 12:10:27] [debug] [SeggerBackend] - ---just_select_debug_port_register
[2025-May-03 12:10:27] [trace] [  JLink] - JLINK_CORESIGHT_WriteAPDPReg(DP reg 0x01, 0x00000000)  
[2025-May-03 12:10:27] [trace] [  JLink] - - 0.487ms returns 0  
[2025-May-03 12:10:27] [trace] [  JLink] - JLINK_HasError()  
[2025-May-03 12:10:27] [debug] [SeggerBackend] - ---just_is_debug_region_powered
[2025-May-03 12:10:27] [debug] [SeggerBackend] - ---just_read_debug_port_register
[2025-May-03 12:10:27] [debug] [SeggerBackend] - ---just_select_debug_port_register
[2025-May-03 12:10:27] [trace] [  JLink] - JLINK_CORESIGHT_ReadAPDPReg(DP reg 0x01)  
[2025-May-03 12:10:27] [trace] [  JLink] - failed
[2025-May-03 12:10:27] [trace] [  JLink] - - 0.498ms returns -1  
[2025-May-03 12:10:27] [trace] [  JLink] - JLINK_HasError()  
[2025-May-03 12:10:27] [debug] [SeggerBackend] - ---just_abort_debug_action
[2025-May-03 12:10:27] [debug] [SeggerBackend] - Attempting to clear any configuration errors in debug port before closing connection. 
[2025-May-03 12:10:27] [trace] [  JLink] - JLINK_CORESIGHT_WriteAPDPReg(DP reg 0x00, 0x0000001F)  
[2025-May-03 12:10:27] [trace] [  JLink] - - 0.500ms returns -1  
[2025-May-03 12:10:27] [trace] [  JLink] - JLINK_HasError()  
[2025-May-03 12:10:27] [trace] [  JLink] - JLINK_CORESIGHT_WriteAPDPReg(DP reg 0x00, 0x0000001F)  
[2025-May-03 12:10:27] [trace] [  JLink] - - 0.465ms returns -1  
[2025-May-03 12:10:27] [trace] [  JLink] - JLINK_HasError()  
[2025-May-03 12:10:27] [trace] [  JLink] - JLINK_CORESIGHT_WriteAPDPReg(DP reg 0x00, 0x0000001F)  
[2025-May-03 12:10:27] [trace] [  JLink] - - 0.543ms returns 0  
[2025-May-03 12:10:27] [trace] [  JLink] - JLINK_HasError()  
[2025-May-03 12:10:27] [trace] [  JLink] - JLINK_CORESIGHT_ReadAPDPReg(DP reg 0x01)  
[2025-May-03 12:10:27] [trace] [  JLink] - failed
[2025-May-03 12:10:27] [trace] [  JLink] - - 0.476ms returns -1  
[2025-May-03 12:10:27] [trace] [  JLink] - JLINK_HasError()  
[2025-May-03 12:10:27] [debug] [SeggerBackend] - ---just_abort_debug_action
[2025-May-03 12:10:27] [debug] [SeggerBackend] - Attempting to clear any configuration errors in debug port before closing connection. 
[2025-May-03 12:10:27] [trace] [  JLink] - JLINK_CORESIGHT_WriteAPDPReg(DP reg 0x00, 0x0000001F)  
[2025-May-03 12:10:27] [trace] [  JLink] - - 0.514ms returns 0  
[2025-May-03 12:10:27] [trace] [  JLink] - JLINK_HasError()  
[2025-May-03 12:10:27] [trace] [  JLink] - JLINK_CORESIGHT_ReadAPDPReg(DP reg 0x01)  
[2025-May-03 12:10:27] [trace] [  JLink] - Value=0xFFFFFFFF
[2025-May-03 12:10:27] [trace] [  JLink] - - 0.545ms returns 0  
[2025-May-03 12:10:27] [trace] [  JLink] - JLINK_HasError()  
[2025-May-03 12:10:27] [debug] [SeggerBackend] - ---just_write_debug_port_register
[2025-May-03 12:10:27] [debug] [SeggerBackend] - ---just_select_debug_port_register
[2025-May-03 12:10:27] [trace] [  JLink] - JLINK_CORESIGHT_WriteAPDPReg(DP reg 0x01, 0x00000000)  
[2025-May-03 12:10:27] [trace] [  JLink] - - 0.465ms returns 0  
[2025-May-03 12:10:27] [trace] [  JLink] - JLINK_HasError()  
[2025-May-03 12:10:27] [debug] [SeggerBackend] - ---just_is_debug_region_powered
[2025-May-03 12:10:27] [debug] [SeggerBackend] - ---just_read_debug_port_register
[2025-May-03 12:10:27] [debug] [SeggerBackend] - ---just_select_debug_port_register
[2025-May-03 12:10:27] [trace] [  JLink] - JLINK_CORESIGHT_ReadAPDPReg(DP reg 0x01)  
[2025-May-03 12:10:27] [trace] [  JLink] - failed
[2025-May-03 12:10:27] [trace] [  JLink] - - 0.495ms returns -1  
[2025-May-03 12:10:27] [trace] [  JLink] - JLINK_HasError()  
[2025-May-03 12:10:27] [debug] [SeggerBackend] - ---just_abort_debug_action
[2025-May-03 12:10:27] [debug] [SeggerBackend] - Attempting to clear any configuration errors in debug port before closing connection. 
[2025-May-03 12:10:27] [trace] [  JLink] - JLINK_CORESIGHT_WriteAPDPReg(DP reg 0x00, 0x0000001F)  
[2025-May-03 12:10:27] [trace] [  JLink] - - 0.494ms returns -1  
[2025-May-03 12:10:27] [trace] [  JLink] - JLINK_HasError()  
[2025-May-03 12:10:27] [trace] [  JLink] - JLINK_CORESIGHT_WriteAPDPReg(DP reg 0x00, 0x0000001F)  
[2025-May-03 12:10:27] [trace] [  JLink] - - 0.582ms returns 0  
[2025-May-03 12:10:27] [trace] [  JLink] - JLINK_HasError()  
[2025-May-03 12:10:27] [trace] [  JLink] - JLINK_CORESIGHT_ReadAPDPReg(DP reg 0x01)  
[2025-May-03 12:10:27] [trace] [  JLink] - Value=0xFFFFFFFC
[2025-May-03 12:10:27] [trace] [  JLink] - - 0.523ms returns 0  
[2025-May-03 12:10:27] [trace] [  JLink] - JLINK_HasError()  
[2025-May-03 12:10:27] [debug] [SeggerBackend] - ---just_write_debug_port_register
[2025-May-03 12:10:27] [debug] [SeggerBackend] - ---just_select_debug_port_register
[2025-May-03 12:10:27] [trace] [  JLink] - JLINK_CORESIGHT_WriteAPDPReg(DP reg 0x01, 0x00000000)  
[2025-May-03 12:10:27] [trace] [  JLink] - - 0.490ms returns 0  
[2025-May-03 12:10:27] [trace] [  JLink] - JLINK_HasError()  
[2025-May-03 12:10:27] [debug] [SeggerBackend] - ---just_is_debug_region_powered
[2025-May-03 12:10:27] [debug] [SeggerBackend] - ---just_read_debug_port_register
[2025-May-03 12:10:27] [debug] [SeggerBackend] - ---just_select_debug_port_register
[2025-May-03 12:10:27] [trace] [  JLink] - JLINK_CORESIGHT_ReadAPDPReg(DP reg 0x01)  
[2025-May-03 12:10:27] [trace] [  JLink] - failed
[2025-May-03 12:10:27] [trace] [  JLink] - - 0.553ms returns -1  
[2025-May-03 12:10:27] [trace] [  JLink] - JLINK_HasError()  
[2025-May-03 12:10:27] [debug] [SeggerBackend] - ---just_abort_debug_action
[2025-May-03 12:10:27] [debug] [SeggerBackend] - Attempting to clear any configuration errors in debug port before closing connection. 
[2025-May-03 12:10:27] [trace] [  JLink] - JLINK_CORESIGHT_WriteAPDPReg(DP reg 0x00, 0x0000001F)  
[2025-May-03 12:10:27] [trace] [  JLink] - - 0.480ms returns -1  
[2025-May-03 12:10:27] [trace] [  JLink] - JLINK_HasError()  
[2025-May-03 12:10:27] [trace] [  JLink] - JLINK_CORESIGHT_WriteAPDPReg(DP reg 0x00, 0x0000001F)  
[2025-May-03 12:10:27] [trace] [  JLink] - - 0.523ms returns 0  
[2025-May-03 12:10:27] [trace] [  JLink] - JLINK_HasError()  
[2025-May-03 12:10:27] [trace] [  JLink] - JLINK_CORESIGHT_ReadAPDPReg(DP reg 0x01)  
[2025-May-03 12:10:27] [trace] [  JLink] - failed
[2025-May-03 12:10:27] [trace] [  JLink] - - 0.477ms returns -1  
[2025-May-03 12:10:27] [trace] [  JLink] - JLINK_HasError()  
[2025-May-03 12:10:27] [debug] [SeggerBackend] - ---just_abort_debug_action
[2025-May-03 12:10:27] [debug] [SeggerBackend] - Attempting to clear any configuration errors in debug port before closing connection. 
[2025-May-03 12:10:27] [trace] [  JLink] - JLINK_CORESIGHT_WriteAPDPReg(DP reg 0x00, 0x0000001F)  
[2025-May-03 12:10:27] [trace] [  JLink] - - 0.496ms returns 0  
[2025-May-03 12:10:27] [trace] [  JLink] - JLINK_HasError()  
[2025-May-03 12:10:27] [trace] [  JLink] - JLINK_CORESIGHT_ReadAPDPReg(DP reg 0x01)  
[2025-May-03 12:10:27] [trace] [  JLink] - failed
[2025-May-03 12:10:27] [trace] [  JLink] - - 0.472ms returns -1  
[2025-May-03 12:10:27] [trace] [  JLink] - JLINK_HasError()  
[2025-May-03 12:10:27] [debug] [SeggerBackend] - ---just_abort_debug_action
[2025-May-03 12:10:27] [debug] [SeggerBackend] - Attempting to clear any configuration errors in debug port before closing connection. 
[2025-May-03 12:10:27] [trace] [  JLink] - JLINK_CORESIGHT_WriteAPDPReg(DP reg 0x00, 0x0000001F)  
[2025-May-03 12:10:27] [trace] [  JLink] - - 0.513ms returns 0  
[2025-May-03 12:10:27] [trace] [  JLink] - JLINK_HasError()  
[2025-May-03 12:10:27] [trace] [  JLink] - JLINK_CORESIGHT_ReadAPDPReg(DP reg 0x01)  
[2025-May-03 12:10:27] [trace] [  JLink] - Value=0xFFFFFFFF
[2025-May-03 12:10:27] [trace] [  JLink] - - 0.483ms returns 0  
[2025-May-03 12:10:27] [trace] [  JLink] - JLINK_HasError()  
[2025-May-03 12:10:27] [debug] [SeggerBackend] - ---just_write_debug_port_register
[2025-May-03 12:10:27] [debug] [SeggerBackend] - ---just_select_debug_port_register
[2025-May-03 12:10:27] [trace] [  JLink] - JLINK_CORESIGHT_WriteAPDPReg(DP reg 0x01, 0x00000000)  
[2025-May-03 12:10:27] [trace] [  JLink] - - 0.489ms returns -1  
[2025-May-03 12:10:27] [trace] [  JLink] - JLINK_HasError()  
[2025-May-03 12:10:27] [debug] [SeggerBackend] - ---just_abort_debug_action
[2025-May-03 12:10:27] [debug] [SeggerBackend] - Attempting to clear any configuration errors in debug port before closing connection. 
[2025-May-03 12:10:27] [trace] [  JLink] - JLINK_CORESIGHT_WriteAPDPReg(DP reg 0x00, 0x0000001F)  
[2025-May-03 12:10:27] [trace] [  JLink] - - 0.466ms returns 0  
[2025-May-03 12:10:27] [trace] [  JLink] - JLINK_HasError()  
[2025-May-03 12:10:27] [trace] [  JLink] - JLINK_CORESIGHT_WriteAPDPReg(DP reg 0x01, 0x00000000)  
[2025-May-03 12:10:27] [trace] [  JLink] - - 0.515ms returns -1  
[2025-May-03 12:10:27] [trace] [  JLink] - JLINK_HasError()  
[2025-May-03 12:10:27] [debug] [SeggerBackend] - ---just_abort_debug_action
[2025-May-03 12:10:27] [debug] [SeggerBackend] - Attempting to clear any configuration errors in debug port before closing connection. 
[2025-May-03 12:10:27] [trace] [  JLink] - JLINK_CORESIGHT_WriteAPDPReg(DP reg 0x00, 0x0000001F)  
[2025-May-03 12:10:27] [trace] [  JLink] - - 0.471ms returns 0  
[2025-May-03 12:10:27] [trace] [  JLink] - JLINK_HasError()  
[2025-May-03 12:10:27] [trace] [  JLink] - JLINK_CORESIGHT_WriteAPDPReg(DP reg 0x01, 0x00000000)  
[2025-May-03 12:10:27] [trace] [  JLink] - - 0.500ms returns 0  
[2025-May-03 12:10:27] [trace] [  JLink] - JLINK_HasError()  
[2025-May-03 12:10:27] [debug] [SeggerBackend] - ---just_is_debug_region_powered
[2025-May-03 12:10:27] [debug] [SeggerBackend] - ---just_read_debug_port_register
[2025-May-03 12:10:27] [debug] [SeggerBackend] - ---just_select_debug_port_register
[2025-May-03 12:10:27] [trace] [  JLink] - JLINK_CORESIGHT_ReadAPDPReg(DP reg 0x01)  
[2025-May-03 12:10:27] [trace] [  JLink] - failed
[2025-May-03 12:10:27] [trace] [  JLink] - - 0.549ms returns -1  
[2025-May-03 12:10:27] [trace] [  JLink] - JLINK_HasError()  
[2025-May-03 12:10:27] [debug] [SeggerBackend] - ---just_abort_debug_action
[2025-May-03 12:10:27] [debug] [SeggerBackend] - Attempting to clear any configuration errors in debug port before closing connection. 
[2025-May-03 12:10:27] [trace] [  JLink] - JLINK_CORESIGHT_WriteAPDPReg(DP reg 0x00, 0x0000001F)  
[2025-May-03 12:10:27] [trace] [  JLink] - - 0.487ms returns 0  
[2025-May-03 12:10:27] [trace] [  JLink] - JLINK_HasError()  
[2025-May-03 12:10:27] [trace] [  JLink] - JLINK_CORESIGHT_ReadAPDPReg(DP reg 0x01)  
[2025-May-03 12:10:27] [trace] [  JLink] - failed
[2025-May-03 12:10:27] [trace] [  JLink] - - 0.480ms returns -1  
[2025-May-03 12:10:27] [trace] [  JLink] - JLINK_HasError()  
[2025-May-03 12:10:27] [debug] [SeggerBackend] - ---just_abort_debug_action
[2025-May-03 12:10:27] [debug] [SeggerBackend] - Attempting to clear any configuration errors in debug port before closing connection. 
[2025-May-03 12:10:27] [trace] [  JLink] - JLINK_CORESIGHT_WriteAPDPReg(DP reg 0x00, 0x0000001F)  
[2025-May-03 12:10:27] [trace] [  JLink] - - 0.516ms returns 0  
[2025-May-03 12:10:27] [trace] [  JLink] - JLINK_HasError()  
[2025-May-03 12:10:27] [trace] [  JLink] - JLINK_CORESIGHT_ReadAPDPReg(DP reg 0x01)  
[2025-May-03 12:10:27] [trace] [  JLink] - failed
[2025-May-03 12:10:27] [trace] [  JLink] - - 0.474ms returns -1  
[2025-May-03 12:10:27] [trace] [  JLink] - JLINK_HasError()  
[2025-May-03 12:10:27] [debug] [SeggerBackend] - ---just_abort_debug_action
[2025-May-03 12:10:27] [debug] [SeggerBackend] - Attempting to clear any configuration errors in debug port before closing connection. 
[2025-May-03 12:10:27] [trace] [  JLink] - JLINK_CORESIGHT_WriteAPDPReg(DP reg 0x00, 0x0000001F)  
[2025-May-03 12:10:27] [trace] [  JLink] - - 0.462ms returns 0  
[2025-May-03 12:10:27] [trace] [  JLink] - JLINK_HasError()  
[2025-May-03 12:10:27] [trace] [  JLink] - JLINK_CORESIGHT_ReadAPDPReg(DP reg 0x01)  
[2025-May-03 12:10:27] [trace] [  JLink] - failed
[2025-May-03 12:10:27] [trace] [  JLink] - - 0.472ms returns -1  
[2025-May-03 12:10:27] [trace] [  JLink] - JLINK_HasError()  
[2025-May-03 12:10:27] [debug] [SeggerBackend] - ---just_abort_debug_action
[2025-May-03 12:10:27] [debug] [SeggerBackend] - Attempting to clear any configuration errors in debug port before closing connection. 
[2025-May-03 12:10:27] [trace] [  JLink] - JLINK_CORESIGHT_WriteAPDPReg(DP reg 0x00, 0x0000001F)  
[2025-May-03 12:10:27] [trace] [  JLink] - - 0.475ms returns 0  
[2025-May-03 12:10:27] [trace] [  JLink] - JLINK_HasError()  
[2025-May-03 12:10:27] [trace] [  JLink] - JLINK_CORESIGHT_ReadAPDPReg(DP reg 0x01)  
[2025-May-03 12:10:27] [trace] [  JLink] - Value=0xFFFFFFFF
[2025-May-03 12:10:27] [trace] [  JLink] - - 0.501ms returns 0  
[2025-May-03 12:10:27] [trace] [  JLink] - JLINK_HasError()  
[2025-May-03 12:10:27] [debug] [SeggerBackend] - ---just_write_debug_port_register
[2025-May-03 12:10:27] [debug] [SeggerBackend] - ---just_select_debug_port_register
[2025-May-03 12:10:27] [trace] [  JLink] - JLINK_CORESIGHT_WriteAPDPReg(DP reg 0x01, 0x00000000)  
[2025-May-03 12:10:27] [trace] [  JLink] - - 0.512ms returns 0  
[2025-May-03 12:10:27] [trace] [  JLink] - JLINK_HasError()  
[2025-May-03 12:10:27] [debug] [SeggerBackend] - ---just_is_debug_region_powered
[2025-May-03 12:10:27] [debug] [SeggerBackend] - ---just_read_debug_port_register
[2025-May-03 12:10:27] [debug] [SeggerBackend] - ---just_select_debug_port_register
[2025-May-03 12:10:27] [trace] [  JLink] - JLINK_CORESIGHT_ReadAPDPReg(DP reg 0x01)  
[2025-May-03 12:10:27] [trace] [  JLink] - failed
[2025-May-03 12:10:27] [trace] [  JLink] - - 0.541ms returns -1  
[2025-May-03 12:10:27] [trace] [  JLink] - JLINK_HasError()  
[2025-May-03 12:10:27] [debug] [SeggerBackend] - ---just_abort_debug_action
[2025-May-03 12:10:27] [debug] [SeggerBackend] - Attempting to clear any configuration errors in debug port before closing connection. 
[2025-May-03 12:10:27] [trace] [  JLink] - JLINK_CORESIGHT_WriteAPDPReg(DP reg 0x00, 0x0000001F)  
[2025-May-03 12:10:27] [trace] [  JLink] - - 0.549ms returns 0  
[2025-May-03 12:10:27] [trace] [  JLink] - JLINK_HasError()  
[2025-May-03 12:10:27] [trace] [  JLink] - JLINK_CORESIGHT_ReadAPDPReg(DP reg 0x01)  
[2025-May-03 12:10:27] [trace] [  JLink] - Value=0xFFFFFFFE
[2025-May-03 12:10:27] [trace] [  JLink] - - 0.573ms returns 0  
[2025-May-03 12:10:27] [trace] [  JLink] - JLINK_HasError()  
[2025-May-03 12:10:27] [debug] [SeggerBackend] - ---just_write_debug_port_register
[2025-May-03 12:10:27] [debug] [SeggerBackend] - ---just_select_debug_port_register
[2025-May-03 12:10:27] [trace] [  JLink] - JLINK_CORESIGHT_WriteAPDPReg(DP reg 0x01, 0x00000000)  
[2025-May-03 12:10:27] [trace] [  JLink] - - 0.512ms returns 0  
[2025-May-03 12:10:27] [trace] [  JLink] - JLINK_HasError()  
[2025-May-03 12:10:27] [debug] [SeggerBackend] - ---just_is_debug_region_powered
[2025-May-03 12:10:27] [debug] [SeggerBackend] - ---just_read_debug_port_register
[2025-May-03 12:10:27] [debug] [SeggerBackend] - ---just_select_debug_port_register
[2025-May-03 12:10:27] [trace] [  JLink] - JLINK_CORESIGHT_ReadAPDPReg(DP reg 0x01)  
[2025-May-03 12:10:27] [trace] [  JLink] - failed
[2025-May-03 12:10:27] [trace] [  JLink] - - 0.516ms returns -1  
[2025-May-03 12:10:27] [trace] [  JLink] - JLINK_HasError()  
[2025-May-03 12:10:27] [debug] [SeggerBackend] - ---just_abort_debug_action
[2025-May-03 12:10:27] [debug] [SeggerBackend] - Attempting to clear any configuration errors in debug port before closing connection. 
[2025-May-03 12:10:27] [trace] [  JLink] - JLINK_CORESIGHT_WriteAPDPReg(DP reg 0x00, 0x0000001F)  
[2025-May-03 12:10:27] [trace] [  JLink] - - 0.487ms returns -1  
[2025-May-03 12:10:27] [trace] [  JLink] - JLINK_HasError()  
[2025-May-03 12:10:27] [trace] [  JLink] - JLINK_CORESIGHT_WriteAPDPReg(DP reg 0x00, 0x0000001F)  
[2025-May-03 12:10:27] [trace] [  JLink] - - 0.507ms returns 0  
[2025-May-03 12:10:27] [trace] [  JLink] - JLINK_HasError()  
[2025-May-03 12:10:27] [trace] [  JLink] - JLINK_CORESIGHT_ReadAPDPReg(DP reg 0x01)  
[2025-May-03 12:10:27] [trace] [  JLink] - failed
[2025-May-03 12:10:27] [trace] [  JLink] - - 0.491ms returns -1  
[2025-May-03 12:10:27] [trace] [  JLink] - JLINK_HasError()  
[2025-May-03 12:10:27] [debug] [SeggerBackend] - ---just_abort_debug_action
[2025-May-03 12:10:27] [debug] [SeggerBackend] - Attempting to clear any configuration errors in debug port before closing connection. 
[2025-May-03 12:10:27] [trace] [  JLink] - JLINK_CORESIGHT_WriteAPDPReg(DP reg 0x00, 0x0000001F)  
[2025-May-03 12:10:27] [trace] [  JLink] - - 0.507ms returns 0  
[2025-May-03 12:10:27] [trace] [  JLink] - JLINK_HasError()  
[2025-May-03 12:10:27] [trace] [  JLink] - JLINK_CORESIGHT_ReadAPDPReg(DP reg 0x01)  
[2025-May-03 12:10:27] [trace] [  JLink] - failed
[2025-May-03 12:10:27] [trace] [  JLink] - - 0.481ms returns -1  
[2025-May-03 12:10:27] [trace] [  JLink] - JLINK_HasError()  
[2025-May-03 12:10:27] [debug] [SeggerBackend] - ---just_abort_debug_action
[2025-May-03 12:10:27] [debug] [SeggerBackend] - Attempting to clear any configuration errors in debug port before closing [2025-May-03 12:15:55] [debug] --------------------------------------------------------------------------------
[2025-May-03 12:15:55] [debug] nrfjprog -d --family nrf52 --log 
[2025-May-03 12:15:55] [debug] nrfjprog version 10.24.2 external
[2025-May-03 12:15:55] [debug] --------------------------------------------------------------------------------
[2025-May-03 12:15:55] [ info] Load library at /Applications/Nordic Semiconductor/lib/libnrfjprogdll.dylib.
[2025-May-03 12:15:55] [ info] Library loaded, loading member functions.
[2025-May-03 12:15:55] [ info] Member functions succesfully loaded.
[2025-May-03 12:15:55] [debug] [ Client] - open
[2025-May-03 12:15:55] [debug] [ Client] - start
[2025-May-03 12:15:55] [ info] [ Client] - stdout: Jlinkarm nRF Worker ready. Handling sequence c2bb1353-3573-4714-90ef-480a2a080592.
[2025-May-03 12:15:55] [trace] [ Client] - Command open executed for 16 milliseconds with result 0
[2025-May-03 12:15:55] [debug] [ Client] - config
[2025-May-03 12:15:55] [trace] [ Client] - Command config executed for 2 milliseconds with result 0
[2025-May-03 12:15:55] [debug] [ Client] - enum_emu_snr
[2025-May-03 12:15:55] [trace] [ Client] - Command enum_emu_con_info executed for 1 milliseconds with result 0
[2025-May-03 12:15:55] [debug] [ Client] - connect_to_emu_with_snr
[2025-May-03 12:15:55] [debug] [SeggerBackend] - Logger sink registered in Segger backend logger
[2025-May-03 12:15:55] [debug] [  JLink] - Logger sink registered in JLink logger
[2025-May-03 12:15:55] [debug] [  nRF52] - open
[2025-May-03 12:15:55] [debug] [  nRF52] - just_check_family
[2025-May-03 12:15:55] [debug] [SeggerBackend] - open_dll
[2025-May-03 12:15:55] [debug] [SeggerBackend] - No J-Link DLL path was provided. Attempting to auto detect.
[2025-May-03 12:15:55] [ info] [SeggerBackend] - Load library at /Applications/SEGGER/JLink/libjlinkarm.dylib.
[2025-May-03 12:15:55] [ info] [SeggerBackend] - Library loaded, loading member functions.
[2025-May-03 12:15:55] [ info] [SeggerBackend] - Member functions succesfully loaded.
[2025-May-03 12:15:55] [debug] [SeggerBackend] - Set batch mode
[2025-May-03 12:15:55] [debug] [SeggerBackend] - dll_version
[2025-May-03 12:15:55] [ info] [SeggerBackend] - Segger dll version 7.94.e loaded.
[2025-May-03 12:15:55] [trace] [ Worker] - Command open executed for 6 milliseconds with result 0
[2025-May-03 12:15:55] [debug] [  nRF52] - config
[2025-May-03 12:15:55] [debug] [SeggerBackend] - enum_emu_snr
[2025-May-03 12:15:55] [trace] [ Worker] - Command config executed for 2 milliseconds with result 0
[2025-May-03 12:15:55] [debug] [  nRF52] - enum_emu_con_info
[2025-May-03 12:15:55] [debug] [SeggerBackend] - is_connected_to_emu
[2025-May-03 12:15:55] [debug] [SeggerBackend] - enum_emu_con_info
[2025-May-03 12:15:55] [debug] [SeggerBackend] - is_connected_to_emu
[2025-May-03 12:15:55] [trace] [ Worker] - Command enum_emu_con_info executed for 1 milliseconds with result 0
[2025-May-03 12:15:55] [debug] [  nRF52] - connect_to_emu_with_snr
[2025-May-03 12:15:55] [debug] [SeggerBackend] - is_connected_to_emu
[2025-May-03 12:15:55] [debug] [SeggerBackend] - connect_to_emu_with_snr
[2025-May-03 12:15:55] [debug] [SeggerBackend] - is_connected_to_emu
[2025-May-03 12:15:55] [debug] [SeggerBackend] - ---just_enum_emu_snr
[2025-May-03 12:15:55] [debug] [SeggerBackend] - ---just_get_num_emus
[2025-May-03 12:15:55] [debug] [SeggerBackend] - ---just_connect_to_emu_with_snr
[2025-May-03 12:15:55] [debug] [SeggerBackend] - ---just_connect_to_emu_without_snr
[2025-May-03 12:15:55] [debug] [SeggerBackend] - Segger logging enabled.
[2025-May-03 12:15:55] [trace] [  JLink] - Firmware: J-Link OB-nRF5340-NordicSemi compiled Apr  1 2025 10:13:35
[2025-May-03 12:15:55] [trace] [  JLink] - Firmware: J-Link OB-nRF5340-NordicSemi compiled Apr  1 2025 10:13:35
[2025-May-03 12:15:55] [trace] [  JLink] - Hardware: V1.00
[2025-May-03 12:15:55] [trace] [  JLink] - S/N: 1050291681
[2025-May-03 12:15:55] [trace] [  JLink] - OEM: SEGGER
[2025-May-03 12:15:55] [trace] [  JLink] - Feature(s): RDI, FlashBP, FlashDL, JFlash, GDB
[2025-May-03 12:15:55] [trace] [  JLink] - Bootloader: 2021 May 18
[2025-May-03 12:15:55] [trace] [  JLink] - USB speed mode: Full speed (12 MBit/s)
[2025-May-03 12:15:55] [trace] [  JLink] - TELNET listener socket opened on port 19021
[2025-May-03 12:15:55] [trace] [  JLink] - WEBSRV WEBSRV_Init(): Starting webserver thread(s)
[2025-May-03 12:15:55] [trace] [  JLink] - WEBSRV Webserver running on local port 19080
[2025-May-03 12:15:55] [trace] [  JLink] - Looking for J-Link GUI Server exe at: /Applications/SEGGER/JLink_V794e/JLinkGUIServerExe 
[2025-May-03 12:15:55] [trace] [  JLink] - Forking J-Link GUI Server: /Applications/SEGGER/JLink_V794e/JLinkGUIServerExe 
[2025-May-03 12:15:55] [trace] [  JLink] - J-Link GUI Server info: "J-Link GUI server V7.94e " 
[2025-May-03 12:15:55] [trace] [ Client] - Command connect_to_emu_with_snr executed for 409 milliseconds with result 0
[2025-May-03 12:15:55] [debug] [ Client] - read_connected_emu_snr
[2025-May-03 12:15:55] [trace] [ Client] - Command read_connected_emu_snr executed for 0 milliseconds with result 0
[2025-May-03 12:15:55] [debug] [ Client] - debug_reset
[2025-May-03 12:15:55] [trace] [  JLink] - - 385.461ms returns "O.K."  
[2025-May-03 12:15:55] [trace] [  JLink] - JLINK_HasError()  
[2025-May-03 12:15:55] [trace] [  JLink] - JLINK_Lock()  
[2025-May-03 12:15:55] [trace] [  JLink] - JLINK_ExecCommand("SetRestartOnClose = 0", ...).   
[2025-May-03 12:15:55] [trace] [  JLink] - - 0.003ms returns 0x01  
[2025-May-03 12:15:55] [trace] [  JLink] - JLINK_HasError()  
[2025-May-03 12:15:55] [trace] [  JLink] - JLINK_ExecCommand("DisableFlashDL", ...).   
[2025-May-03 12:15:55] [trace] [  JLink] - - 0.002ms returns 0x00  
[2025-May-03 12:15:55] [trace] [  JLink] - JLINK_HasError()  
[2025-May-03 12:15:55] [trace] [  JLink] - JLINK_ExecCommand("ExcludeFlashCacheRange 0x0-0xFFFFFFFF", ...).   
[2025-May-03 12:15:55] [trace] [  JLink] - - 0.001ms returns 0x00  
[2025-May-03 12:15:55] [trace] [  JLink] - JLINK_HasError()  
[2025-May-03 12:15:55] [trace] [  JLink] - JLINK_SetHookUnsecureDialog  
[2025-May-03 12:15:55] [trace] [  JLink] - JLINK_SetHookUnsecureDialog(...)
[2025-May-03 12:15:55] [trace] [  JLink] - - 0.004ms returns 0  
[2025-May-03 12:15:55] [trace] [  JLink] - JLINK_HasError()  
[2025-May-03 12:15:55] [trace] [  JLink] - JLINK_TIF_Select(JLINKARM_TIF_SWD)  
[2025-May-03 12:15:55] [trace] [  JLink] - - 0.630ms returns 0x00  
[2025-May-03 12:15:55] [trace] [  JLink] - JLINK_HasError()  
[2025-May-03 12:15:55] [trace] [  JLink] - JLINK_GetSpeedInfo()  
[2025-May-03 12:15:55] [trace] [  JLink] - 128000000 Hz / n, n >= 64
[2025-May-03 12:15:55] [trace] [  JLink] - - 0.007ms  
[2025-May-03 12:15:55] [trace] [  JLink] - JLINK_HasError()  
[2025-May-03 12:15:55] [debug] [SeggerBackend] - Connected emulator supports SWD speeds up to 2000kHz
[2025-May-03 12:15:55] [trace] [  JLink] - JLINK_SetSpeed(2000)  
[2025-May-03 12:15:55] [trace] [  JLink] - - 0.076ms  
[2025-May-03 12:15:55] [trace] [  JLink] - JLINK_HasError()  
[2025-May-03 12:15:55] [trace] [  JLink] - JLINK_GetSpeed()  
[2025-May-03 12:15:55] [trace] [  JLink] - - 0.001ms returns 2000  
[2025-May-03 12:15:55] [trace] [  JLink] - JLINK_HasError()  
[2025-May-03 12:15:55] [debug] [SeggerBackend] - SWD clock set to 2000kHz
[2025-May-03 12:15:55] [trace] [  JLink] - JLINK_GetSN()  
[2025-May-03 12:15:55] [trace] [  JLink] - - 0.002ms returns 1050291681  
[2025-May-03 12:15:55] [trace] [  JLink] - JLINK_HasError()  
[2025-May-03 12:15:55] [trace] [  JLink] - - 0.005ms  
[2025-May-03 12:15:55] [debug] [  nRF52] - read_device_family
[2025-May-03 12:15:55] [trace] [ Worker] - Command connect_to_emu_with_snr executed for 404 milliseconds with result 0
[2025-May-03 12:15:55] [debug] [  nRF52] - read_connected_emu_snr
[2025-May-03 12:15:55] [debug] [SeggerBackend] - is_connected_to_emu
[2025-May-03 12:15:55] [trace] [  JLink] - JLINK_IsOpen()  
[2025-May-03 12:15:55] [trace] [  JLink] - - 0.005ms returns 0x01  
[2025-May-03 12:15:55] [trace] [  JLink] - JLINK_HasError()  
[2025-May-03 12:15:55] [trace] [  JLink] - JLINK_Lock()  
[2025-May-03 12:15:55] [debug] [SeggerBackend] - read_connected_emu_snr
[2025-May-03 12:15:55] [trace] [  JLink] - - 0.003ms  
[2025-May-03 12:15:55] [trace] [ Worker] - Command read_connected_emu_snr executed for 0 milliseconds with result 0
[2025-May-03 12:15:55] [debug] [  nRF52] - debug_reset
[2025-May-03 12:15:55] [debug] [SeggerBackend] - is_connected_to_emu
[2025-May-03 12:15:55] [trace] [  JLink] - JLINK_IsOpen()  
[2025-May-03 12:15:55] [trace] [  JLink] - - 0.004ms returns 0x01  
[2025-May-03 12:15:55] [trace] [  JLink] - JLINK_HasError()  
[2025-May-03 12:15:55] [trace] [  JLink] - JLINK_Lock()  
[2025-May-03 12:15:55] [debug] [  nRF52] - Just_debug_reset
[2025-May-03 12:15:55] [debug] [  nRF52] - Just_is_ctrl_ap_available
[2025-May-03 12:15:55] [debug] [SeggerBackend] - read_access_port_register
[2025-May-03 12:15:55] [debug] [SeggerBackend] - ---just_read_access_port_register
[2025-May-03 12:15:55] [debug] [SeggerBackend] - coresight_configure
[2025-May-03 12:15:55] [trace] [  JLink] - JLINK_GetHWStatus(...)  
[2025-May-03 12:15:55] [trace] [  JLink] - - 0.193ms returns 0  
[2025-May-03 12:15:55] [trace] [  JLink] - JLINK_HasError()  
[2025-May-03 12:15:55] [trace] [  JLink] - JLINK_CORESIGHT_Configure()  
[2025-May-03 12:15:55] [trace] [  JLink] - - 0.425ms returns 0  
[2025-May-03 12:15:55] [trace] [  JLink] - JLINK_HasError()  
[2025-May-03 12:15:55] [debug] [SeggerBackend] - read_debug_port_idr
[2025-May-03 12:15:55] [debug] [SeggerBackend] - read_debug_port_register
[2025-May-03 12:15:55] [debug] [SeggerBackend] - ---just_read_debug_port_register
[2025-May-03 12:15:55] [debug] [SeggerBackend] - ---just_select_debug_port_register
[2025-May-03 12:15:55] [debug] [SeggerBackend] - Select AP 255, DP Bank 0, AP Bank 255
[2025-May-03 12:15:55] [trace] [  JLink] - JLINK_CORESIGHT_WriteAPDPReg(DP reg 0x02, 0x00000000)  
[2025-May-03 12:15:55] [trace] [  JLink] - - 0.186ms returns 0  
[2025-May-03 12:15:55] [trace] [  JLink] - JLINK_HasError()  
[2025-May-03 12:15:55] [trace] [  JLink] - JLINK_CORESIGHT_ReadAPDPReg(DP reg 0x00)  
[2025-May-03 12:15:55] [trace] [  JLink] - Value=0x2BA01477
[2025-May-03 12:15:55] [trace] [  JLink] - - 0.189ms returns 0  
[2025-May-03 12:15:55] [trace] [  JLink] - JLINK_HasError()  
[2025-May-03 12:15:55] [debug] [SeggerBackend] - ---just_is_debug_region_powered
[2025-May-03 12:15:55] [debug] [SeggerBackend] - ---just_read_debug_port_register
[2025-May-03 12:15:55] [debug] [SeggerBackend] - ---just_select_debug_port_register
[2025-May-03 12:15:55] [trace] [  JLink] - JLINK_CORESIGHT_ReadAPDPReg(DP reg 0x01)  
[2025-May-03 12:15:55] [trace] [  JLink] - Value=0xF0000000
[2025-May-03 12:15:55] [trace] [  JLink] - - 0.183ms returns 0  
[2025-May-03 12:15:55] [trace] [  JLink] - JLINK_HasError()  
[2025-May-03 12:15:55] [debug] [SeggerBackend] - ---just_select_access_port_register
[2025-May-03 12:15:55] [debug] [SeggerBackend] - Select AP 1, DP Bank 0, AP Bank 15
[2025-May-03 12:15:55] [trace] [  JLink] - JLINK_CORESIGHT_WriteAPDPReg(DP reg 0x02, 0x010000F0)  
[2025-May-03 12:15:55] [trace] [  JLink] - - 0.204ms returns 0  
[2025-May-03 12:15:55] [trace] [  JLink] - JLINK_HasError()  
[2025-May-03 12:15:55] [trace] [  JLink] - JLINK_CORESIGHT_ReadAPDPReg(AP reg 0x03)  
[2025-May-03 12:15:55] [trace] [  JLink] - Value=0x02880000
[2025-May-03 12:15:55] [trace] [  JLink] - - 0.201ms returns 0  
[2025-May-03 12:15:55] [trace] [  JLink] - JLINK_HasError()  
[2025-May-03 12:15:55] [debug] [SeggerBackend] - read_access_port_register
[2025-May-03 12:15:55] [debug] [SeggerBackend] - ---just_read_access_port_register
[2025-May-03 12:15:55] [debug] [SeggerBackend] - ---just_select_access_port_register
[2025-May-03 12:15:55] [trace] [  JLink] - JLINK_CORESIGHT_ReadAPDPReg(AP reg 0x03)  
[2025-May-03 12:15:55] [trace] [  JLink] - Value=0x02880000
[2025-May-03 12:15:55] [trace] [  JLink] - - 0.201ms returns 0  
[2025-May-03 12:15:55] [trace] [  JLink] - JLINK_HasError()  
[2025-May-03 12:15:55] [debug] [SeggerBackend] - read_access_port_register
[2025-May-03 12:15:55] [debug] [SeggerBackend] - ---just_read_access_port_register
[2025-May-03 12:15:55] [debug] [SeggerBackend] - ---just_select_access_port_register
[2025-May-03 12:15:55] [trace] [  JLink] - JLINK_CORESIGHT_ReadAPDPReg(AP reg 0x03)  
[2025-May-03 12:15:55] [trace] [  JLink] - Value=0x02880000
[2025-May-03 12:15:55] [trace] [  JLink] - - 0.201ms returns 0  
[2025-May-03 12:15:55] [trace] [  JLink] - JLINK_HasError()  
[2025-May-03 12:15:55] [debug] [SeggerBackend] - read_access_port_register
[2025-May-03 12:15:55] [debug] [SeggerBackend] - ---just_read_access_port_register
[2025-May-03 12:15:55] [debug] [SeggerBackend] - ---just_select_access_port_register
[2025-May-03 12:15:55] [trace] [  JLink] - JLINK_CORESIGHT_ReadAPDPReg(AP reg 0x03)  
[2025-May-03 12:15:55] [trace] [  JLink] - Value=0x02880000
[2025-May-03 12:15:55] [trace] [  JLink] - - 0.259ms returns 0  
[2025-May-03 12:15:55] [trace] [  JLink] - JLINK_HasError()  
[2025-May-03 12:15:55] [debug] [SeggerBackend] - write_access_port_register
[2025-May-03 12:15:55] [debug] [SeggerBackend] - ---just_write_access_port_register
[2025-May-03 12:15:55] [debug] [SeggerBackend] - ---just_select_access_port_register
[2025-May-03 12:15:55] [debug] [SeggerBackend] - Select AP 1, DP Bank 0, AP Bank 0
[2025-May-03 12:15:55] [trace] [  JLink] - JLINK_CORESIGHT_WriteAPDPReg(DP reg 0x02, 0x01000000)  
[2025-May-03 12:15:55] [trace] [  JLink] - - 0.189ms returns 0  
[2025-May-03 12:15:55] [trace] [  JLink] - JLINK_HasError()  
[2025-May-03 12:15:55] [trace] [  JLink] - JLINK_CORESIGHT_WriteAPDPReg(AP reg 0x00, 0x00000001)  
[2025-May-03 12:15:55] [trace] [  JLink] - - 0.186ms returns 0  
[2025-May-03 12:15:55] [trace] [  JLink] - JLINK_HasError()  
[2025-May-03 12:15:55] [debug] [SeggerBackend] - write_access_port_register
[2025-May-03 12:15:55] [debug] [SeggerBackend] - ---just_write_access_port_register
[2025-May-03 12:15:55] [debug] [SeggerBackend] - ---just_select_access_port_register
[2025-May-03 12:15:55] [trace] [  JLink] - JLINK_CORESIGHT_WriteAPDPReg(AP reg 0x00, 0x00000000)  
[2025-May-03 12:15:55] [trace] [ Client] - Command debug_reset executed for 15 milliseconds with result 0
[2025-May-03 12:15:55] [trace] [  JLink] - - 0.262ms returns 0  
[2025-May-03 12:15:55] [trace] [  JLink] - JLINK_HasError()  
[2025-May-03 12:15:55] [trace] [  JLink] - - 0.003ms  
[2025-May-03 12:15:55] [trace] [ Worker] - Command debug_reset executed for 13 milliseconds with result 0
[2025-May-03 12:15:55] [debug] [  nRF52] - close
[2025-May-03 12:15:55] [debug] [SeggerBackend] - is_connected_to_emu
[2025-May-03 12:15:55] [trace] [  JLink] - JLINK_IsOpen()  
[2025-May-03 12:15:55] [trace] [  JLink] - - 0.006ms returns 0x01  
[2025-May-03 12:15:55] [trace] [  JLink] - JLINK_HasError()  
[2025-May-03 12:15:55] [trace] [  JLink] - JLINK_Lock()  
[2025-May-03 12:15:55] [debug] [SeggerBackend] - close
[2025-May-03 12:15:55] [debug] [SeggerBackend] - disconnect_from_emu
[2025-May-03 12:15:55] [debug] [SeggerBackend] - ---just_disconnect_from_emu
[2025-May-03 12:15:55] [debug] [SeggerBackend] - is_connected_to_device
[2025-May-03 12:15:55] [trace] [  JLink] - JLINK_IsConnected()  
[2025-May-03 12:15:55] [trace] [  JLink] - - 0.002ms returns FALSE  
[2025-May-03 12:15:55] [trace] [  JLink] - JLINK_HasError()  
[2025-May-03 12:15:55] [debug] [SeggerBackend] - ---just_is_debug_region_powered
[2025-May-03 12:15:55] [debug] [SeggerBackend] - ---just_read_debug_port_register
[2025-May-03 12:15:55] [debug] [SeggerBackend] - ---just_select_debug_port_register
[2025-May-03 12:15:55] [debug] [SeggerBackend] - Select AP 255, DP Bank 0, AP Bank 255
[2025-May-03 12:15:55] [trace] [  JLink] - JLINK_CORESIGHT_WriteAPDPReg(DP reg 0x02, 0x00000000)  
[2025-May-03 12:15:55] [trace] [  JLink] - - 0.244ms returns 0  
[2025-May-03 12:15:55] [trace] [  JLink] - JLINK_HasError()  
[2025-May-03 12:15:55] [trace] [  JLink] - JLINK_CORESIGHT_ReadAPDPReg(DP reg 0x01)  
[2025-May-03 12:15:55] [trace] [  JLink] - Value=0xF0000040
[2025-May-03 12:15:55] [trace] [  JLink] - - 0.218ms returns 0  
[2025-May-03 12:15:55] [trace] [  JLink] - JLINK_HasError()  
[2025-May-03 12:16:02] [debug] --------------------------------------------------------------------------------
[2025-May-03 12:16:02] [debug] nrfjprog --recover --log 
[2025-May-03 12:16:02] [debug] nrfjprog version 10.24.2 external
[2025-May-03 12:16:02] [debug] --------------------------------------------------------------------------------
[2025-May-03 12:16:02] [ info] Load library at /Applications/Nordic Semiconductor/lib/libnrfjprogdll.dylib.
[2025-May-03 12:16:02] [ info] Library loaded, loading member functions.
[2025-May-03 12:16:02] [ info] Member functions succesfully loaded.
[2025-May-03 12:16:02] [debug] [ Client] - open
[2025-May-03 12:16:02] [debug] [ Client] - start
[2025-May-03 12:16:02] [ info] [ Client] - stdout: Jlinkarm nRF Worker ready. Handling sequence 7c84458a-7185-44ca-bc52-0b3bb8b516b8.
[2025-May-03 12:16:02] [debug] [SeggerBackend] - Logger sink registered in Segger backend logger
[2025-May-03 12:16:02] [debug] [  JLink] - Logger sink registered in JLink logger
[2025-May-03 12:16:02] [debug] [  nRFXX] - open
[2025-May-03 12:16:02] [debug] [  nRFXX] - just_check_family
[2025-May-03 12:16:02] [debug] [SeggerBackend] - open_dll
[2025-May-03 12:16:02] [debug] [SeggerBackend] - No J-Link DLL path was provided. Attempting to auto detect.
[2025-May-03 12:16:02] [trace] [ Client] - Command open executed for 16 milliseconds with result 0
[2025-May-03 12:16:02] [debug] [ Client] - config
[2025-May-03 12:16:02] [trace] [ Client] - Command config executed for 2 milliseconds with result 0
[2025-May-03 12:16:02] [debug] [ Client] - enum_emu_snr
[2025-May-03 12:16:02] [trace] [ Client] - Command enum_emu_con_info executed for 1 milliseconds with result 0
[2025-May-03 12:16:02] [debug] [ Client] - connect_to_emu_with_snr
[2025-May-03 12:16:02] [ info] [SeggerBackend] - Load library at /Applications/SEGGER/JLink/libjlinkarm.dylib.
[2025-May-03 12:16:02] [ info] [SeggerBackend] - Library loaded, loading member functions.
[2025-May-03 12:16:02] [ info] [SeggerBackend] - Member functions succesfully loaded.
[2025-May-03 12:16:02] [debug] [SeggerBackend] - Set batch mode
[2025-May-03 12:16:02] [debug] [SeggerBackend] - dll_version
[2025-May-03 12:16:02] [ info] [SeggerBackend] - Segger dll version 7.94.e loaded.
[2025-May-03 12:16:02] [trace] [ Worker] - Command open executed for 6 milliseconds with result 0
[2025-May-03 12:16:02] [debug] [  nRFXX] - config
[2025-May-03 12:16:02] [debug] [SeggerBackend] - enum_emu_snr
[2025-May-03 12:16:02] [trace] [ Worker] - Command config executed for 2 milliseconds with result 0
[2025-May-03 12:16:02] [debug] [  nRFXX] - enum_emu_con_info
[2025-May-03 12:16:02] [debug] [SeggerBackend] - is_connected_to_emu
[2025-May-03 12:16:02] [debug] [SeggerBackend] - enum_emu_con_info
[2025-May-03 12:16:02] [debug] [SeggerBackend] - is_connected_to_emu
[2025-May-03 12:16:02] [trace] [ Worker] - Command enum_emu_con_info executed for 1 milliseconds with result 0
[2025-May-03 12:16:02] [debug] [  nRFXX] - connect_to_emu_with_snr
[2025-May-03 12:16:02] [debug] [SeggerBackend] - is_connected_to_emu
[2025-May-03 12:16:02] [debug] [SeggerBackend] - connect_to_emu_with_snr
[2025-May-03 12:16:02] [debug] [SeggerBackend] - is_connected_to_emu
[2025-May-03 12:16:02] [debug] [SeggerBackend] - ---just_enum_emu_snr
[2025-May-03 12:16:02] [debug] [SeggerBackend] - ---just_get_num_emus
[2025-May-03 12:16:02] [debug] [SeggerBackend] - ---just_connect_to_emu_with_snr
[2025-May-03 12:16:02] [debug] [SeggerBackend] - ---just_connect_to_emu_without_snr
[2025-May-03 12:16:02] [debug] [SeggerBackend] - Segger logging enabled.
[2025-May-03 12:16:02] [trace] [  JLink] - Firmware: J-Link OB-nRF5340-NordicSemi compiled Apr  1 2025 10:13:35
[2025-May-03 12:16:02] [trace] [  JLink] - Firmware: J-Link OB-nRF5340-NordicSemi compiled Apr  1 2025 10:13:35
[2025-May-03 12:16:02] [trace] [  JLink] - Hardware: V1.00
[2025-May-03 12:16:02] [trace] [  JLink] - S/N: 1050291681
[2025-May-03 12:16:02] [trace] [  JLink] - OEM: SEGGER
[2025-May-03 12:16:02] [trace] [  JLink] - Feature(s): RDI, FlashBP, FlashDL, JFlash, GDB
[2025-May-03 12:16:02] [trace] [  JLink] - Bootloader: 2021 May 18
[2025-May-03 12:16:02] [trace] [  JLink] - USB speed mode: Full speed (12 MBit/s)
[2025-May-03 12:16:02] [trace] [  JLink] - TELNET listener socket opened on port 19021
[2025-May-03 12:16:02] [trace] [  JLink] - WEBSRV WEBSRV_Init(): Starting webserver thread(s)
[2025-May-03 12:16:02] [trace] [  JLink] - WEBSRV Webserver running on local port 19080
[2025-May-03 12:16:02] [trace] [  JLink] - Looking for J-Link GUI Server exe at: /Applications/SEGGER/JLink_V794e/JLinkGUIServerExe 
[2025-May-03 12:16:02] [trace] [  JLink] - Forking J-Link GUI Server: /Applications/SEGGER/JLink_V794e/JLinkGUIServerExe 
[2025-May-03 12:16:02] [trace] [  JLink] - J-Link GUI Server info: "J-Link GUI server V7.94e " 
[2025-May-03 12:16:02] [trace] [  JLink] - - 388.424ms returns "O.K."  
[2025-May-03 12:16:02] [trace] [  JLink] - JLINK_HasError()  
[2025-May-03 12:16:02] [trace] [  JLink] - JLINK_Lock()  
[2025-May-03 12:16:02] [trace] [  JLink] - JLINK_ExecCommand("SetRestartOnClose = 0", ...).   
[2025-May-03 12:16:02] [trace] [  JLink] - - 0.002ms returns 0x01  
[2025-May-03 12:16:02] [trace] [  JLink] - JLINK_HasError()  
[2025-May-03 12:16:02] [trace] [  JLink] - JLINK_ExecCommand("DisableFlashDL", ...).   
[2025-May-03 12:16:02] [trace] [  JLink] - - 0.002ms returns 0x00  
[2025-May-03 12:16:02] [trace] [  JLink] - JLINK_HasError()  
[2025-May-03 12:16:02] [trace] [  JLink] - JLINK_ExecCommand("ExcludeFlashCacheRange 0x0-0xFFFFFFFF", ...).   
[2025-May-03 12:16:02] [trace] [  JLink] - - 0.001ms returns 0x00  
[2025-May-03 12:16:02] [trace] [  JLink] - JLINK_HasError()  
[2025-May-03 12:16:02] [trace] [  JLink] - JLINK_SetHookUnsecureDialog  
[2025-May-03 12:16:02] [trace] [  JLink] - JLINK_SetHookUnsecureDialog(...)
[2025-May-03 12:16:02] [trace] [  JLink] - - 0.004ms returns 0  
[2025-May-03 12:16:02] [trace] [  JLink] - JLINK_HasError()  
[2025-May-03 12:16:02] [trace] [  JLink] - JLINK_TIF_Select(JLINKARM_TIF_SWD)  
[2025-May-03 12:16:02] [trace] [  JLink] - - 0.730ms returns 0x00  
[2025-May-03 12:16:02] [trace] [  JLink] - JLINK_HasError()  
[2025-May-03 12:16:02] [trace] [  JLink] - JLINK_GetSpeedInfo()  
[2025-May-03 12:16:02] [trace] [  JLink] - 128000000 Hz / n, n >= 64
[2025-May-03 12:16:02] [trace] [  JLink] - - 0.004ms  
[2025-May-03 12:16:02] [trace] [  JLink] - JLINK_HasError()  
[2025-May-03 12:16:02] [debug] [SeggerBackend] - Connected emulator supports SWD speeds up to 2000kHz
[2025-May-03 12:16:02] [trace] [  JLink] - JLINK_SetSpeed(2000)  
[2025-May-03 12:16:02] [trace] [  JLink] - - 0.074ms  
[2025-May-03 12:16:02] [trace] [  JLink] - JLINK_HasError()  
[2025-May-03 12:16:02] [trace] [  JLink] - JLINK_GetSpeed()  
[2025-May-03 12:16:02] [trace] [  JLink] - - 0.001ms returns 2000  
[2025-May-03 12:16:02] [trace] [  JLink] - JLINK_HasError()  
[2025-May-03 12:16:02] [debug] [SeggerBackend] - SWD clock set to 2000kHz
[2025-May-03 12:16:02] [trace] [  JLink] - JLINK_GetSN()  
[2025-May-03 12:16:02] [trace] [  JLink] - - 0.002ms returns 1050291681  
[2025-May-03 12:16:02] [trace] [  JLink] - JLINK_HasError()  
[2025-May-03 12:16:02] [trace] [  JLink] - - 0.004ms  
[2025-May-03 12:16:02] [debug] [  nRFXX] - read_device_family
[2025-May-03 12:16:02] [debug] [  nRFXX] - read_device_family
[2025-May-03 12:16:02] [debug] [SeggerBackend] - is_connected_to_emu
[2025-May-03 12:16:02] [trace] [  JLink] - JLINK_IsOpen()  
[2025-May-03 12:16:02] [trace] [  JLink] - - 0.001ms returns 0x01  
[2025-May-03 12:16:02] [trace] [  JLink] - JLINK_HasError()  
[2025-May-03 12:16:02] [trace] [  JLink] - JLINK_Lock()  
[2025-May-03 12:16:02] [debug] [SeggerBackend] - is_connected_to_emu
[2025-May-03 12:16:02] [debug] [SeggerBackend] - read_debug_port_idr
[2025-May-03 12:16:02] [debug] [SeggerBackend] - read_debug_port_register
[2025-May-03 12:16:02] [debug] [SeggerBackend] - ---just_read_debug_port_register
[2025-May-03 12:16:02] [debug] [SeggerBackend] - coresight_configure
[2025-May-03 12:16:02] [trace] [  JLink] - JLINK_GetHWStatus(...)  
[2025-May-03 12:16:02] [trace] [  JLink] - - 0.168ms returns 0  
[2025-May-03 12:16:02] [trace] [  JLink] - JLINK_HasError()  
[2025-May-03 12:16:02] [trace] [  JLink] - JLINK_CORESIGHT_Configure()  
[2025-May-03 12:16:02] [trace] [  JLink] - - 0.390ms returns 0  
[2025-May-03 12:16:02] [trace] [  JLink] - JLINK_HasError()  
[2025-May-03 12:16:02] [debug] [SeggerBackend] - read_debug_port_idr
[2025-May-03 12:16:02] [debug] [SeggerBackend] - read_debug_port_register
[2025-May-03 12:16:02] [debug] [SeggerBackend] - ---just_read_debug_port_register
[2025-May-03 12:16:02] [debug] [SeggerBackend] - ---just_select_debug_port_register
[2025-May-03 12:16:02] [debug] [SeggerBackend] - Select AP 255, DP Bank 0, AP Bank 255
[2025-May-03 12:16:02] [trace] [  JLink] - JLINK_CORESIGHT_WriteAPDPReg(DP reg 0x02, 0x00000000)  
[2025-May-03 12:16:02] [trace] [ Client] - Command connect_to_emu_with_snr executed for 411 milliseconds with result 0
[2025-May-03 12:16:02] [debug] [ Client] - read_connected_emu_snr
[2025-May-03 12:16:02] [trace] [ Client] - Command read_connected_emu_snr executed for 0 milliseconds with result 0
[2025-May-03 12:16:02] [debug] [ Client] - read_device_family
[2025-May-03 12:16:02] [trace] [ Client] - Command read_device_family executed for 0 milliseconds with result 0
[2025-May-03 12:16:02] [debug] [ Client] - select_family
[2025-May-03 12:16:02] [trace] [ Client] - Command select_family executed for 0 milliseconds with result 0
[2025-May-03 12:16:02] [debug] [ Client] - recover
[2025-May-03 12:16:02] [trace] [  JLink] - - 0.229ms returns 0  
[2025-May-03 12:16:02] [trace] [  JLink] - JLINK_HasError()  
[2025-May-03 12:16:02] [trace] [  JLink] - JLINK_CORESIGHT_ReadAPDPReg(DP reg 0x00)  
[2025-May-03 12:16:02] [trace] [  JLink] - Value=0x2BA01477
[2025-May-03 12:16:02] [trace] [  JLink] - - 0.197ms returns 0  
[2025-May-03 12:16:02] [trace] [  JLink] - JLINK_HasError()  
[2025-May-03 12:16:02] [debug] [SeggerBackend] - ---just_select_debug_port_register
[2025-May-03 12:16:02] [trace] [  JLink] - JLINK_CORESIGHT_ReadAPDPReg(DP reg 0x00)  
[2025-May-03 12:16:02] [trace] [  JLink] - Value=0x2BA01477
[2025-May-03 12:16:02] [trace] [  JLink] - - 0.189ms returns 0  
[2025-May-03 12:16:02] [trace] [  JLink] - JLINK_HasError()  
[2025-May-03 12:16:02] [ info] [  nRFXX] - Discovered device from family NRF52.
[2025-May-03 12:16:02] [trace] [  JLink] - - 0.028ms  
[2025-May-03 12:16:02] [debug] [SeggerBackend] - set_core_data
[2025-May-03 12:16:02] [debug] [SeggerBackend] - Set core data:
[2025-May-03 12:16:02] [debug] [SeggerBackend] -   Device ID: nRF52
[2025-May-03 12:16:02] [debug] [SeggerBackend] -   Expected core: 234881279
[2025-May-03 12:16:02] [debug] [SeggerBackend] -   Existing Expected core: 4294967295
[2025-May-03 12:16:02] [debug] [SeggerBackend] -   Coprocessor: APPLICATION
[2025-May-03 12:16:02] [debug] [SeggerBackend] -   AHB AP index: 0
[2025-May-03 12:16:02] [debug] [SeggerBackend] -   Core base address: 4294967295
[2025-May-03 12:16:02] [debug] [SeggerBackend] - ---set_coresight_ahb_ap_index
[2025-May-03 12:16:02] [trace] [  JLink] - JLINK_ExecCommand("CORESIGHT_SetIndexAHBAPToUse = 0", ...).   
[2025-May-03 12:16:02] [trace] [  JLink] - - 0.017ms returns 0x00  
[2025-May-03 12:16:02] [trace] [  JLink] - JLINK_HasError()  
[2025-May-03 12:16:02] [trace] [  JLink] - JLINK_ExecCommand("device = nRF52", ...).   
[2025-May-03 12:16:02] [trace] [  JLink] - Device "NRF52" selected.
[2025-May-03 12:16:02] [trace] [  JLink] - Device "NRF52" selected.
[2025-May-03 12:16:02] [trace] [  JLink] - - 0.847ms returns 0x00  
[2025-May-03 12:16:02] [trace] [  JLink] - JLINK_HasError()  
[2025-May-03 12:16:02] [trace] [ Worker] - Command connect_to_emu_with_snr executed for 409 milliseconds with result 0
[2025-May-03 12:16:02] [debug] [  nRF52] - read_connected_emu_snr
[2025-May-03 12:16:02] [debug] [SeggerBackend] - is_connected_to_emu
[2025-May-03 12:16:02] [trace] [  JLink] - JLINK_IsOpen()  
[2025-May-03 12:16:02] [trace] [  JLink] - - 0.003ms returns 0x01  
[2025-May-03 12:16:02] [trace] [  JLink] - JLINK_HasError()  
[2025-May-03 12:16:02] [trace] [  JLink] - JLINK_Lock()  
[2025-May-03 12:16:02] [debug] [SeggerBackend] - read_connected_emu_snr
[2025-May-03 12:16:02] [trace] [  JLink] - - 0.004ms  
[2025-May-03 12:16:02] [trace] [ Worker] - Command read_connected_emu_snr executed for 0 milliseconds with result 0
[2025-May-03 12:16:02] [debug] [  nRF52] - read_device_family
[2025-May-03 12:16:02] [trace] [ Worker] - Command read_device_family executed for 0 milliseconds with result 0
[2025-May-03 12:16:02] [debug] [SeggerBackend] - set_core_data
[2025-May-03 12:16:02] [debug] [SeggerBackend] - Set core data:
[2025-May-03 12:16:02] [debug] [SeggerBackend] -   Device ID: nRF52
[2025-May-03 12:16:02] [debug] [SeggerBackend] -   Expected core: 234881279
[2025-May-03 12:16:02] [debug] [SeggerBackend] -   Existing Expected core: 234881279
[2025-May-03 12:16:02] [debug] [SeggerBackend] -   Coprocessor: APPLICATION
[2025-May-03 12:16:02] [debug] [SeggerBackend] -   AHB AP index: 0
[2025-May-03 12:16:02] [debug] [SeggerBackend] -   Core base address: 4294967295
[2025-May-03 12:16:02] [trace] [ Worker] - Command select_family executed for 0 milliseconds with result 0
[2025-May-03 12:16:02] [debug] [  nRF52] - recover
[2025-May-03 12:16:02] [debug] [SeggerBackend] - is_connected_to_emu
[2025-May-03 12:16:02] [trace] [  JLink] - JLINK_IsOpen()  
[2025-May-03 12:16:02] [trace] [  JLink] - - 0.002ms returns 0x01  
[2025-May-03 12:16:02] [trace] [  JLink] - JLINK_HasError()  
[2025-May-03 12:16:02] [trace] [  JLink] - JLINK_Lock()  
[2025-May-03 12:16:02] [debug] [SeggerBackend] - is_connected_to_emu
[2025-May-03 12:16:02] [debug] [  nRF52] - Just_recover
[2025-May-03 12:16:02] [debug] [  nRF52] - Just_is_ctrl_ap_available
[2025-May-03 12:16:02] [debug] [SeggerBackend] - read_access_port_register
[2025-May-03 12:16:02] [debug] [SeggerBackend] - ---just_read_access_port_register
[2025-May-03 12:16:02] [debug] [SeggerBackend] - ---just_is_debug_region_powered
[2025-May-03 12:16:02] [debug] [SeggerBackend] - ---just_read_debug_port_register
[2025-May-03 12:16:02] [debug] [SeggerBackend] - ---just_select_debug_port_register
[2025-May-03 12:16:02] [debug] [SeggerBackend] - Select AP 255, DP Bank 0, AP Bank 255
[2025-May-03 12:16:02] [trace] [  JLink] - JLINK_CORESIGHT_WriteAPDPReg(DP reg 0x02, 0x00000000)  
[2025-May-03 12:16:02] [trace] [  JLink] - - 0.215ms returns 0  
[2025-May-03 12:16:02] [trace] [  JLink] - JLINK_HasError()  
[2025-May-03 12:16:02] [trace] [  JLink] - JLINK_CORESIGHT_ReadAPDPReg(DP reg 0x01)  
[2025-May-03 12:16:02] [trace] [  JLink] - Value=0xF0000040
[2025-May-03 12:16:02] [trace] [  JLink] - - 0.202ms returns 0  
[2025-May-03 12:16:02] [trace] [  JLink] - JLINK_HasError()  
[2025-May-03 12:16:02] [debug] [SeggerBackend] - ---just_select_access_port_register
[2025-May-03 12:16:02] [debug] [SeggerBackend] - Select AP 1, DP Bank 0, AP Bank 15
[2025-May-03 12:16:02] [trace] [  JLink] - JLINK_CORESIGHT_WriteAPDPReg(DP reg 0x02, 0x010000F0)  
[2025-May-03 12:16:02] [trace] [  JLink] - - 0.194ms returns 0  
[2025-May-03 12:16:02] [trace] [  JLink] - JLINK_HasError()  
[2025-May-03 12:16:02] [trace] [  JLink] - JLINK_CORESIGHT_ReadAPDPReg(AP reg 0x03)  
[2025-May-03 12:16:02] [trace] [  JLink] - Value=0x02880000
[2025-May-03 12:16:02] [trace] [  JLink] - - 0.235ms returns 0  
[2025-May-03 12:16:02] [trace] [  JLink] - JLINK_HasError()  
[2025-May-03 12:16:02] [debug] [SeggerBackend] - read_access_port_register
[2025-May-03 12:16:02] [debug] [SeggerBackend] - ---just_read_access_port_register
[2025-May-03 12:16:02] [debug] [SeggerBackend] - ---just_select_access_port_register
[2025-May-03 12:16:02] [trace] [  JLink] - JLINK_CORESIGHT_ReadAPDPReg(AP reg 0x03)  
[2025-May-03 12:16:02] [trace] [  JLink] - Value=0x02880000
[2025-May-03 12:16:02] [trace] [  JLink] - - 0.255ms returns 0  
[2025-May-03 12:16:02] [trace] [  JLink] - JLINK_HasError()  
[2025-May-03 12:16:02] [debug] [SeggerBackend] - read_access_port_register
[2025-May-03 12:16:02] [debug] [SeggerBackend] - ---just_read_access_port_register
[2025-May-03 12:16:02] [debug] [SeggerBackend] - ---just_select_access_port_register
[2025-May-03 12:16:02] [trace] [  JLink] - JLINK_CORESIGHT_ReadAPDPReg(AP reg 0x03)  
[2025-May-03 12:16:02] [trace] [  JLink] - Value=0x02880000
[2025-May-03 12:16:02] [trace] [  JLink] - - 0.258ms returns 0  
[2025-May-03 12:16:02] [trace] [  JLink] - JLINK_HasError()  
[2025-May-03 12:16:02] [debug] [SeggerBackend] - read_access_port_register
[2025-May-03 12:16:02] [debug] [SeggerBackend] - ---just_read_access_port_register
[2025-May-03 12:16:02] [debug] [SeggerBackend] - ---just_select_access_port_register
[2025-May-03 12:16:02] [trace] [  JLink] - JLINK_CORESIGHT_ReadAPDPReg(AP reg 0x03)  
[2025-May-03 12:16:02] [trace] [  JLink] - Value=0x02880000
[2025-May-03 12:16:02] [trace] [  JLink] - - 0.214ms returns 0  
[2025-May-03 12:16:02] [trace] [  JLink] - JLINK_HasError()  
[2025-May-03 12:16:02] [debug] [SeggerBackend] - write_access_port_register
[2025-May-03 12:16:02] [debug] [SeggerBackend] - ---just_write_access_port_register
[2025-May-03 12:16:02] [debug] [SeggerBackend] - ---just_select_access_port_register
[2025-May-03 12:16:02] [debug] [SeggerBackend] - Select AP 1, DP Bank 0, AP Bank 0
[2025-May-03 12:16:02] [trace] [  JLink] - JLINK_CORESIGHT_WriteAPDPReg(DP reg 0x02, 0x01000000)  
[2025-May-03 12:16:02] [trace] [  JLink] - - 0.256ms returns 0  
[2025-May-03 12:16:02] [trace] [  JLink] - JLINK_HasError()  
[2025-May-03 12:16:02] [trace] [  JLink] - JLINK_CORESIGHT_WriteAPDPReg(AP reg 0x01, 0x00000001)  
[2025-May-03 12:16:02] [trace] [  JLink] - - 0.202ms returns 0  
[2025-May-03 12:16:02] [trace] [  JLink] - JLINK_HasError()  
[2025-May-03 12:16:03] [debug] [SeggerBackend] - read_access_port_register
[2025-May-03 12:16:03] [debug] [SeggerBackend] - ---just_read_access_port_register
[2025-May-03 12:16:03] [debug] [SeggerBackend] - ---just_select_access_port_register
[2025-May-03 12:16:03] [trace] [  JLink] - JLINK_CORESIGHT_ReadAPDPReg(AP reg 0x02)  
[2025-May-03 12:16:03] [trace] [  JLink] - Value=0x00000001
[2025-May-03 12:16:03] [trace] [  JLink] - - 0.294ms returns 0  
[2025-May-03 12:16:03] [trace] [  JLink] - JLINK_HasError()  
[2025-May-03 12:16:03] [debug] [SeggerBackend] - read_access_port_register
[2025-May-03 12:16:03] [debug] [SeggerBackend] - ---just_read_access_port_register
[2025-May-03 12:16:03] [debug] [SeggerBackend] - ---just_select_access_port_register
[2025-May-03 12:16:03] [trace] [  JLink] - JLINK_CORESIGHT_ReadAPDPReg(AP reg 0x02)  
[2025-May-03 12:16:03] [trace] [  JLink] - Value=0x00000000
[2025-May-03 12:16:03] [trace] [  JLink] - - 0.303ms returns 0  
[2025-May-03 12:16:03] [trace] [  JLink] - JLINK_HasError()  
[2025-May-03 12:16:03] [debug] [  nRF52] - Just_debug_reset
[2025-May-03 12:16:03] [debug] [  nRF52] - Just_is_ctrl_ap_available
[2025-May-03 12:16:03] [debug] [SeggerBackend] - read_access_port_register
[2025-May-03 12:16:03] [debug] [SeggerBackend] - ---just_read_access_port_register
[2025-May-03 12:16:03] [debug] [SeggerBackend] - ---just_select_access_port_register
[2025-May-03 12:16:03] [debug] [SeggerBackend] - Select AP 1, DP Bank 0, AP Bank 15
[2025-May-03 12:16:03] [trace] [  JLink] - JLINK_CORESIGHT_WriteAPDPReg(DP reg 0x02, 0x010000F0)  
[2025-May-03 12:16:03] [trace] [  JLink] - - 0.204ms returns 0  
[2025-May-03 12:16:03] [trace] [  JLink] - JLINK_HasError()  
[2025-May-03 12:16:03] [trace] [  JLink] - JLINK_CORESIGHT_ReadAPDPReg(AP reg 0x03)  
[2025-May-03 12:16:03] [trace] [  JLink] - Value=0x02880000
[2025-May-03 12:16:03] [trace] [  JLink] - - 0.228ms returns 0  
[2025-May-03 12:16:03] [trace] [  JLink] - JLINK_HasError()  
[2025-May-03 12:16:03] [debug] [SeggerBackend] - read_access_port_register
[2025-May-03 12:16:03] [debug] [SeggerBackend] - ---just_read_access_port_register
[2025-May-03 12:16:03] [debug] [SeggerBackend] - ---just_select_access_port_register
[2025-May-03 12:16:03] [trace] [  JLink] - JLINK_CORESIGHT_ReadAPDPReg(AP reg 0x03)  
[2025-May-03 12:16:03] [trace] [  JLink] - Value=0x02880000
[2025-May-03 12:16:03] [trace] [  JLink] - - 0.262ms returns 0  
[2025-May-03 12:16:03] [trace] [  JLink] - JLINK_HasError()  
[2025-May-03 12:16:03] [debug] [SeggerBackend] - read_access_port_register
[2025-May-03 12:16:03] [debug] [SeggerBackend] - ---just_read_access_port_register
[2025-May-03 12:16:03] [debug] [SeggerBackend] - ---just_select_access_port_register
[2025-May-03 12:16:03] [trace] [  JLink] - JLINK_CORESIGHT_ReadAPDPReg(AP reg 0x03)  
[2025-May-03 12:16:03] [trace] [  JLink] - Value=0x02880000
[2025-May-03 12:16:03] [trace] [  JLink] - - 0.276ms returns 0  
[2025-May-03 12:16:03] [trace] [  JLink] - JLINK_HasError()  
[2025-May-03 12:16:03] [debug] [SeggerBackend] - read_access_port_register
[2025-May-03 12:16:03] [debug] [SeggerBackend] - ---just_read_access_port_register
[2025-May-03 12:16:03] [debug] [SeggerBackend] - ---just_select_access_port_register
[2025-May-03 12:16:03] [trace] [  JLink] - JLINK_CORESIGHT_ReadAPDPReg(AP reg 0x03)  
[2025-May-03 12:16:03] [trace] [  JLink] - Value=0x02880000
[2025-May-03 12:16:03] [trace] [  JLink] - - 0.266ms returns 0  
[2025-May-03 12:16:03] [trace] [  JLink] - JLINK_HasError()  
[2025-May-03 12:16:03] [debug] [SeggerBackend] - write_access_port_register
[2025-May-03 12:16:03] [debug] [SeggerBackend] - ---just_write_access_port_register
[2025-May-03 12:16:03] [debug] [SeggerBackend] - ---just_select_access_port_register
[2025-May-03 12:16:03] [debug] [SeggerBackend] - Select AP 1, DP Bank 0, AP Bank 0
[2025-May-03 12:16:03] [trace] [  JLink] - JLINK_CORESIGHT_WriteAPDPReg(DP reg 0x02, 0x01000000)  
[2025-May-03 12:16:03] [trace] [  JLink] - - 0.184ms returns 0  
[2025-May-03 12:16:03] [trace] [  JLink] - JLINK_HasError()  
[2025-May-03 12:16:03] [trace] [  JLink] - JLINK_CORESIGHT_WriteAPDPReg(AP reg 0x00, 0x00000001)  
[2025-May-03 12:16:03] [trace] [  JLink] - - 0.175ms returns 0  
[2025-May-03 12:16:03] [trace] [  JLink] - JLINK_HasError()  
[2025-May-03 12:16:03] [debug] [SeggerBackend] - write_access_port_register
[2025-May-03 12:16:03] [debug] [SeggerBackend] - ---just_write_access_port_register
[2025-May-03 12:16:03] [debug] [SeggerBackend] - ---just_select_access_port_register
[2025-May-03 12:16:03] [trace] [  JLink] - JLINK_CORESIGHT_WriteAPDPReg(AP reg 0x00, 0x00000000)  
[2025-May-03 12:16:03] [trace] [  JLink] - - 0.212ms returns 0  
[2025-May-03 12:16:03] [trace] [  JLink] - JLINK_HasError()  
[2025-May-03 12:16:03] [debug] [SeggerBackend] - write_access_port_register
[2025-May-03 12:16:03] [debug] [SeggerBackend] - ---just_write_access_port_register
[2025-May-03 12:16:03] [debug] [SeggerBackend] - ---just_select_access_port_register
[2025-May-03 12:16:03] [trace] [  JLink] - JLINK_CORESIGHT_WriteAPDPReg(AP reg 0x01, 0x00000000)  
[2025-May-03 12:16:03] [trace] [  JLink] - - 0.233ms returns 0  
[2025-May-03 12:16:03] [trace] [  JLink] - JLINK_HasError()  
[2025-May-03 12:16:03] [debug] [  nRF52] - Just_readback_status
[2025-May-03 12:16:03] [debug] [  nRF52] - Just_is_ctrl_ap_available
[2025-May-03 12:16:03] [debug] [SeggerBackend] - read_access_port_register
[2025-May-03 12:16:03] [debug] [SeggerBackend] - ---just_read_access_port_register
[2025-May-03 12:16:03] [debug] [SeggerBackend] - ---just_select_access_port_register
[2025-May-03 12:16:03] [debug] [SeggerBackend] - Select AP 1, DP Bank 0, AP Bank 15
[2025-May-03 12:16:03] [trace] [  JLink] - JLINK_CORESIGHT_WriteAPDPReg(DP reg 0x02, 0x010000F0)  
[2025-May-03 12:16:03] [trace] [  JLink] - - 0.204ms returns 0  
[2025-May-03 12:16:03] [trace] [  JLink] - JLINK_HasError()  
[2025-May-03 12:16:03] [trace] [  JLink] - JLINK_CORESIGHT_ReadAPDPReg(AP reg 0x03)  
[2025-May-03 12:16:03] [trace] [  JLink] - Value=0x02880000
[2025-May-03 12:16:03] [trace] [  JLink] - - 0.234ms returns 0  
[2025-May-03 12:16:03] [trace] [  JLink] - JLINK_HasError()  
[2025-May-03 12:16:03] [debug] [SeggerBackend] - read_access_port_register
[2025-May-03 12:16:03] [debug] [SeggerBackend] - ---just_read_access_port_register
[2025-May-03 12:16:03] [debug] [SeggerBackend] - ---just_select_access_port_register
[2025-May-03 12:16:03] [trace] [  JLink] - JLINK_CORESIGHT_ReadAPDPReg(AP reg 0x03)  
[2025-May-03 12:16:03] [trace] [  JLink] - Value=0x02880000
[2025-May-03 12:16:03] [trace] [  JLink] - - 0.312ms returns 0  
[2025-May-03 12:16:03] [trace] [  JLink] - JLINK_HasError()  
[2025-May-03 12:16:03] [debug] [SeggerBackend] - read_access_port_register
[2025-May-03 12:16:03] [debug] [SeggerBackend] - ---just_read_access_port_register
[2025-May-03 12:16:03] [debug] [SeggerBackend] - ---just_select_access_port_register
[2025-May-03 12:16:03] [trace] [  JLink] - JLINK_CORESIGHT_ReadAPDPReg(AP reg 0x03)  
[2025-May-03 12:16:03] [trace] [  JLink] - Value=0x02880000
[2025-May-03 12:16:03] [trace] [  JLink] - - 0.327ms returns 0  
[2025-May-03 12:16:03] [trace] [  JLink] - JLINK_HasError()  
[2025-May-03 12:16:03] [debug] [SeggerBackend] - read_access_port_register
[2025-May-03 12:16:03] [debug] [SeggerBackend] - ---just_read_access_port_register
[2025-May-03 12:16:03] [debug] [SeggerBackend] - ---just_select_access_port_register
[2025-May-03 12:16:03] [trace] [  JLink] - JLINK_CORESIGHT_ReadAPDPReg(AP reg 0x03)  
[2025-May-03 12:16:03] [trace] [  JLink] - Value=0x02880000
[2025-May-03 12:16:03] [trace] [  JLink] - - 0.233ms returns 0  
[2025-May-03 12:16:03] [trace] [  JLink] - JLINK_HasError()  
[2025-May-03 12:16:03] [debug] [SeggerBackend] - read_access_port_register
[2025-May-03 12:16:03] [debug] [SeggerBackend] - ---just_read_access_port_register
[2025-May-03 12:16:03] [debug] [SeggerBackend] - ---just_select_access_port_register
[2025-May-03 12:16:03] [debug] [SeggerBackend] - Select AP 1, DP Bank 0, AP Bank 0
[2025-May-03 12:16:03] [trace] [  JLink] - JLINK_CORESIGHT_WriteAPDPReg(DP reg 0x02, 0x01000000)  
[2025-May-03 12:16:03] [trace] [  JLink] - - 0.284ms returns 0  
[2025-May-03 12:16:03] [trace] [  JLink] - JLINK_HasError()  
[2025-May-03 12:16:03] [trace] [  JLink] - JLINK_CORESIGHT_ReadAPDPReg(AP reg 0x03)  
[2025-May-03 12:16:03] [trace] [  JLink] - Value=0x00000001
[2025-May-03 12:16:03] [trace] [  JLink] - - 0.218ms returns 0  
[2025-May-03 12:16:03] [trace] [  JLink] - JLINK_HasError()  
[2025-May-03 12:16:03] [debug] [SeggerBackend] - read_access_port_register
[2025-May-03 12:16:03] [debug] [SeggerBackend] - ---just_read_access_port_register
[2025-May-03 12:16:03] [debug] [SeggerBackend] - ---just_select_access_port_register
[2025-May-03 12:16:03] [trace] [  JLink] - JLINK_CORESIGHT_ReadAPDPReg(AP reg 0x03)  
[2025-May-03 12:16:03] [trace] [  JLink] - Value=0x00000001
[2025-May-03 12:16:03] [trace] [  JLink] - - 0.219ms returns 0  
[2025-May-03 12:16:03] [trace] [  JLink] - JLINK_HasError()  
[2025-May-03 12:16:03] [debug] [SeggerBackend] - read_access_port_register
[2025-May-03 12:16:03] [debug] [SeggerBackend] - ---just_read_access_port_register
[2025-May-03 12:16:03] [debug] [SeggerBackend] - ---just_select_access_port_register
[2025-May-03 12:16:03] [trace] [  JLink] - JLINK_CORESIGHT_ReadAPDPReg(AP reg 0x03)  
[2025-May-03 12:16:03] [trace] [  JLink] - Value=0x00000001
[2025-May-03 12:16:03] [trace] [  JLink] - - 0.213ms returns 0  
[2025-May-03 12:16:03] [trace] [  JLink] - JLINK_HasError()  
[2025-May-03 12:16:03] [debug] [SeggerBackend] - read_access_port_register
[2025-May-03 12:16:03] [debug] [SeggerBackend] - ---just_read_access_port_register
[2025-May-03 12:16:03] [debug] [SeggerBackend] - ---just_select_access_port_register
[2025-May-03 12:16:03] [trace] [  JLink] - JLINK_CORESIGHT_ReadAPDPReg(AP reg 0x03)  
[2025-May-03 12:16:03] [trace] [  JLink] - Value=0x00000001
[2025-May-03 12:16:03] [trace] [  JLink] - - 0.281ms returns 0  
[2025-May-03 12:16:03] [trace] [  JLink] - JLINK_HasError()  
[2025-May-03 12:16:03] [ info] [  nRF52] - Protection status read as NONE
[2025-May-03 12:16:03] [debug] [  nRF52] - Just_debug_reset
[2025-May-03 12:16:03] [debug] [  nRF52] - Just_is_ctrl_ap_available
[2025-May-03 12:16:03] [debug] [SeggerBackend] - read_access_port_register
[2025-May-03 12:16:03] [debug] [SeggerBackend] - ---just_read_access_port_register
[2025-May-03 12:16:03] [debug] [SeggerBackend] - ---just_select_access_port_register
[2025-May-03 12:16:03] [debug] [SeggerBackend] - Select AP 1, DP Bank 0, AP Bank 15
[2025-May-03 12:16:03] [trace] [  JLink] - JLINK_CORESIGHT_WriteAPDPReg(DP reg 0x02, 0x010000F0)  
[2025-May-03 12:16:03] [trace] [  JLink] - - 0.172ms returns 0  
[2025-May-03 12:16:03] [trace] [  JLink] - JLINK_HasError()  
[2025-May-03 12:16:03] [trace] [  JLink] - JLINK_CORESIGHT_ReadAPDPReg(AP reg 0x03)  
[2025-May-03 12:16:03] [trace] [  JLink] - Value=0x02880000
[2025-May-03 12:16:03] [trace] [  JLink] - - 0.203ms returns 0  
[2025-May-03 12:16:03] [trace] [  JLink] - JLINK_HasError()  
[2025-May-03 12:16:03] [debug] [SeggerBackend] - read_access_port_register
[2025-May-03 12:16:03] [debug] [SeggerBackend] - ---just_read_access_port_register
[2025-May-03 12:16:03] [debug] [SeggerBackend] - ---just_select_access_port_register
[2025-May-03 12:16:03] [trace] [  JLink] - JLINK_CORESIGHT_ReadAPDPReg(AP reg 0x03)  
[2025-May-03 12:16:03] [trace] [  JLink] - Value=0x02880000
[2025-May-03 12:16:03] [trace] [  JLink] - - 0.203ms returns 0  
[2025-May-03 12:16:03] [trace] [  JLink] - JLINK_HasError()  
[2025-May-03 12:16:03] [debug] [SeggerBackend] - read_access_port_register
[2025-May-03 12:16:03] [debug] [SeggerBackend] - ---just_read_access_port_register
[2025-May-03 12:16:03] [debug] [SeggerBackend] - ---just_select_access_port_register
[2025-May-03 12:16:03] [trace] [  JLink] - JLINK_CORESIGHT_ReadAPDPReg(AP reg 0x03)  
[2025-May-03 12:16:03] [trace] [  JLink] - Value=0x02880000
[2025-May-03 12:16:03] [trace] [  JLink] - - 0.201ms returns 0  
[2025-May-03 12:16:03] [trace] [  JLink] - JLINK_HasError()  
[2025-May-03 12:16:03] [debug] [SeggerBackend] - read_access_port_register
[2025-May-03 12:16:03] [debug] [SeggerBackend] - ---just_read_access_port_register
[2025-May-03 12:16:03] [debug] [SeggerBackend] - ---just_select_access_port_register
[2025-May-03 12:16:03] [trace] [  JLink] - JLINK_CORESIGHT_ReadAPDPReg(AP reg 0x03)  
[2025-May-03 12:16:03] [trace] [  JLink] - Value=0x02880000
[2025-May-03 12:16:03] [trace] [  JLink] - - 0.200ms returns 0  
[2025-May-03 12:16:03] [trace] [  JLink] - JLINK_HasError()  
[2025-May-03 12:16:03] [debug] [SeggerBackend] - write_access_port_register
[2025-May-03 12:16:03] [debug] [SeggerBackend] - ---just_write_access_port_register
[2025-May-03 12:16:03] [debug] [SeggerBackend] - ---just_select_access_port_register
[2025-May-03 12:16:03] [debug] [SeggerBackend] - Select AP 1, DP Bank 0, AP Bank 0
[2025-May-03 12:16:03] [trace] [  JLink] - JLINK_CORESIGHT_WriteAPDPReg(DP reg 0x02, 0x01000000)  
[2025-May-03 12:16:03] [trace] [  JLink] - - 0.167ms returns 0  
[2025-May-03 12:16:03] [trace] [  JLink] - JLINK_HasError()  
[2025-May-03 12:16:03] [trace] [  JLink] - JLINK_CORESIGHT_WriteAPDPReg(AP reg 0x00, 0x00000001)  
[2025-May-03 12:16:03] [trace] [  JLink] - - 0.181ms returns 0  
[2025-May-03 12:16:03] [trace] [  JLink] - JLINK_HasError()  
[2025-May-03 12:16:03] [debug] [SeggerBackend] - write_access_port_register
[2025-May-03 12:16:03] [debug] [SeggerBackend] - ---just_write_access_port_register
[2025-May-03 12:16:03] [debug] [SeggerBackend] - ---just_select_access_port_register
[2025-May-03 12:16:03] [trace] [  JLink] - JLINK_CORESIGHT_WriteAPDPReg(AP reg 0x00, 0x00000000)  
[2025-May-03 12:16:03] [trace] [  JLink] - - 0.202ms returns 0  
[2025-May-03 12:16:03] [trace] [  JLink] - JLINK_HasError()  
[2025-May-03 12:16:03] [debug] [  nRF52] - Just_read_device_version
[2025-May-03 12:16:03] [debug] [  nRF52] - Just_readback_status
[2025-May-03 12:16:03] [debug] [  nRF52] - Just_is_ctrl_ap_available
[2025-May-03 12:16:03] [debug] [SeggerBackend] - read_access_port_register
[2025-May-03 12:16:03] [debug] [SeggerBackend] - ---just_read_access_port_register
[2025-May-03 12:16:03] [debug] [SeggerBackend] - ---just_select_access_port_register
[2025-May-03 12:16:03] [debug] [SeggerBackend] - Select AP 1, DP Bank 0, AP Bank 15
[2025-May-03 12:16:03] [trace] [  JLink] - JLINK_CORESIGHT_WriteAPDPReg(DP reg 0x02, 0x010000F0)  
[2025-May-03 12:16:03] [trace] [  JLink] - - 0.201ms returns 0  
[2025-May-03 12:16:03] [trace] [  JLink] - JLINK_HasError()  
[2025-May-03 12:16:03] [trace] [  JLink] - JLINK_CORESIGHT_ReadAPDPReg(AP reg 0x03)  
[2025-May-03 12:16:03] [trace] [  JLink] - Value=0x02880000
[2025-May-03 12:16:03] [trace] [  JLink] - - 0.249ms returns 0  
[2025-May-03 12:16:03] [trace] [  JLink] - JLINK_HasError()  
[2025-May-03 12:16:03] [debug] [SeggerBackend] - read_access_port_register
[2025-May-03 12:16:03] [debug] [SeggerBackend] - ---just_read_access_port_register
[2025-May-03 12:16:03] [debug] [SeggerBackend] - ---just_select_access_port_register
[2025-May-03 12:16:03] [trace] [  JLink] - JLINK_CORESIGHT_ReadAPDPReg(AP reg 0x03)  
[2025-May-03 12:16:03] [trace] [  JLink] - Value=0x02880000
[2025-May-03 12:16:03] [trace] [  JLink] - - 0.237ms returns 0  
[2025-May-03 12:16:03] [trace] [  JLink] - JLINK_HasError()  
[2025-May-03 12:16:03] [debug] [SeggerBackend] - read_access_port_register
[2025-May-03 12:16:03] [debug] [SeggerBackend] - ---just_read_access_port_register
[2025-May-03 12:16:03] [debug] [SeggerBackend] - ---just_select_access_port_register
[2025-May-03 12:16:03] [trace] [  JLink] - JLINK_CORESIGHT_ReadAPDPReg(AP reg 0x03)  
[2025-May-03 12:16:03] [trace] [  JLink] - Value=0x02880000
[2025-May-03 12:16:03] [trace] [  JLink] - - 0.252ms returns 0  
[2025-May-03 12:16:03] [trace] [  JLink] - JLINK_HasError()  
[2025-May-03 12:16:03] [debug] [SeggerBackend] - read_access_port_register
[2025-May-03 12:16:03] [debug] [SeggerBackend] - ---just_read_access_port_register
[2025-May-03 12:16:03] [debug] [SeggerBackend] - ---just_select_access_port_register
[2025-May-03 12:16:03] [trace] [  JLink] - JLINK_CORESIGHT_ReadAPDPReg(AP reg 0x03)  
[2025-May-03 12:16:03] [trace] [  JLink] - Value=0x02880000
[2025-May-03 12:16:03] [trace] [  JLink] - - 0.255ms returns 0  
[2025-May-03 12:16:03] [trace] [  JLink] - JLINK_HasError()  
[2025-May-03 12:16:03] [debug] [SeggerBackend] - read_access_port_register
[2025-May-03 12:16:03] [debug] [SeggerBackend] - ---just_read_access_port_register
[2025-May-03 12:16:03] [debug] [SeggerBackend] - ---just_select_access_port_register
[2025-May-03 12:16:03] [debug] [SeggerBackend] - Select AP 1, DP Bank 0, AP Bank 0
[2025-May-03 12:16:03] [trace] [  JLink] - JLINK_CORESIGHT_WriteAPDPReg(DP reg 0x02, 0x01000000)  
[2025-May-03 12:16:03] [trace] [  JLink] - - 0.193ms returns 0  
[2025-May-03 12:16:03] [trace] [  JLink] - JLINK_HasError()  
[2025-May-03 12:16:03] [trace] [  JLink] - JLINK_CORESIGHT_ReadAPDPReg(AP reg 0x03)  
[2025-May-03 12:16:03] [trace] [  JLink] - Value=0x00000001
[2025-May-03 12:16:03] [trace] [  JLink] - - 0.272ms returns 0  
[2025-May-03 12:16:03] [trace] [  JLink] - JLINK_HasError()  
[2025-May-03 12:16:03] [debug] [SeggerBackend] - read_access_port_register
[2025-May-03 12:16:03] [debug] [SeggerBackend] - ---just_read_access_port_register
[2025-May-03 12:16:03] [debug] [SeggerBackend] - ---just_select_access_port_register
[2025-May-03 12:16:03] [trace] [  JLink] - JLINK_CORESIGHT_ReadAPDPReg(AP reg 0x03)  
[2025-May-03 12:16:03] [trace] [  JLink] - Value=0x00000001
[2025-May-03 12:16:03] [trace] [  JLink] - - 0.220ms returns 0  
[2025-May-03 12:16:03] [trace] [  JLink] - JLINK_HasError()  
[2025-May-03 12:16:03] [debug] [SeggerBackend] - read_access_port_register
[2025-May-03 12:16:03] [debug] [SeggerBackend] - ---just_read_access_port_register
[2025-May-03 12:16:03] [debug] [SeggerBackend] - ---just_select_access_port_register
[2025-May-03 12:16:03] [trace] [  JLink] - JLINK_CORESIGHT_ReadAPDPReg(AP reg 0x03)  
[2025-May-03 12:16:03] [trace] [  JLink] - Value=0x00000001
[2025-May-03 12:16:03] [trace] [  JLink] - - 0.211ms returns 0  
[2025-May-03 12:16:03] [trace] [  JLink] - JLINK_HasError()  
[2025-May-03 12:16:03] [debug] [SeggerBackend] - read_access_port_register
[2025-May-03 12:16:03] [debug] [SeggerBackend] - ---just_read_access_port_register
[2025-May-03 12:16:03] [debug] [SeggerBackend] - ---just_select_access_port_register
[2025-May-03 12:16:03] [trace] [  JLink] - JLINK_CORESIGHT_ReadAPDPReg(AP reg 0x03)  
[2025-May-03 12:16:03] [trace] [  JLink] - Value=0x00000001
[2025-May-03 12:16:03] [trace] [  JLink] - - 0.216ms returns 0  
[2025-May-03 12:16:03] [trace] [  JLink] - JLINK_HasError()  
[2025-May-03 12:16:03] [ info] [  nRF52] - Protection status read as NONE
[2025-May-03 12:16:03] [debug] [SeggerBackend] - read_u32
[2025-May-03 12:16:03] [debug] [SeggerBackend] - ---just_connect_to_device
[2025-May-03 12:16:03] [debug] [SeggerBackend] - is_connected_to_device
[2025-May-03 12:16:03] [debug] [SeggerBackend] - ---set_coresight_ahb_ap_index
[2025-May-03 12:16:03] [trace] [  JLink] - JLINK_ExecCommand("CORESIGHT_SetIndexAHBAPToUse = 0", ...).   
[2025-May-03 12:16:03] [trace] [  JLink] - - 0.001ms returns 0x00  
[2025-May-03 12:16:03] [trace] [  JLink] - JLINK_HasError()  
[2025-May-03 12:16:03] [trace] [  JLink] - JLINK_ExecCommand("device = nRF52", ...).   
[2025-May-03 12:16:03] [trace] [  JLink] - Device "NRF52" selected.
[2025-May-03 12:16:03] [trace] [  JLink] - Device "NRF52" selected.
[2025-May-03 12:16:03] [trace] [  JLink] - - 0.536ms returns 0x00  
[2025-May-03 12:16:03] [trace] [  JLink] - JLINK_HasError()  
[2025-May-03 12:16:03] [trace] [  JLink] - JLINK_Connect()  
[2025-May-03 12:16:03] [trace] [  JLink] - InitTarget() start
[2025-May-03 12:16:03] [trace] [  JLink] - InitTarget() start
[2025-May-03 12:16:03] [trace] [  JLink] -  J-Link Script File: Executing InitTarget() 
[2025-May-03 12:16:03] [trace] [  JLink] - InitTarget() end - Took 2.22ms
[2025-May-03 12:16:03] [trace] [  JLink] - InitTarget() end - Took 2.22ms
[2025-May-03 12:16:03] [trace] [  JLink] - Found SW-DP with ID 0x2BA01477
[2025-May-03 12:16:03] [trace] [  JLink] - Found SW-DP with ID 0x2BA01477
[2025-May-03 12:16:03] [trace] [  JLink] - DPIDR: 0x2BA01477
[2025-May-03 12:16:03] [trace] [  JLink] - DPIDR: 0x2BA01477
[2025-May-03 12:16:03] [trace] [  JLink] - CoreSight SoC-400 or earlier
[2025-May-03 12:16:03] [trace] [  JLink] - CoreSight SoC-400 or earlier
[2025-May-03 12:16:03] [trace] [  JLink] - AP map detection skipped. Manually configured AP map found.
[2025-May-03 12:16:03] [trace] [  JLink] - AP map detection skipped. Manually configured AP map found.
[2025-May-03 12:16:03] [trace] [  JLink] - AP[0]: AHB-AP (IDR: Not set)
[2025-May-03 12:16:03] [trace] [  JLink] - AP[0]: AHB-AP (IDR: Not set)
[2025-May-03 12:16:03] [trace] [  JLink] - AP[0]: Core found
[2025-May-03 12:16:03] [trace] [  JLink] - AP[0]: Core found
[2025-May-03 12:16:03] [trace] [  JLink] - AP[0]: AHB-AP ROM base: 0xE00FF000
[2025-May-03 12:16:03] [trace] [  JLink] - AP[0]: AHB-AP ROM base: 0xE00FF000
[2025-May-03 12:16:03] [trace] [  JLink] - CPUID register: 0x410FC241. Implementer code: 0x41 (ARM)
[2025-May-03 12:16:03] [trace] [  JLink] - CPUID register: 0x410FC241. Implementer code: 0x41 (ARM)
[2025-May-03 12:16:03] [trace] [  JLink] - Found Cortex-M4 r0p1, Little endian.
[2025-May-03 12:16:03] [trace] [  JLink] - Found Cortex-M4 r0p1, Little endian.
[2025-May-03 12:16:03] [trace] [  JLink] - -- Max. mem block: 0x0003C840
[2025-May-03 12:16:03] [trace] [  JLink] - CPU_ReadMem(4 bytes @ 0xE000EDF0)
[2025-May-03 12:16:03] [trace] [  JLink] - CPU_WriteMem(4 bytes @ 0xE000EDF0)
[2025-May-03 12:16:03] [trace] [  JLink] - CPU_ReadMem(4 bytes @ 0xE0002000)
[2025-May-03 12:16:03] [trace] [  JLink] - FPUnit: 6 code (BP) slots and 2 literal slots
[2025-May-03 12:16:03] [trace] [  JLink] - FPUnit: 6 code (BP) slots and 2 literal slots
[2025-May-03 12:16:03] [trace] [  JLink] - CPU_ReadMem(4 bytes @ 0xE000EDFC)
[2025-May-03 12:16:03] [trace] [  JLink] - CPU_WriteMem(4 bytes @ 0xE000EDFC)
[2025-May-03 12:16:03] [trace] [  JLink] - CPU_ReadMem(4 bytes @ 0xE0001000)
[2025-May-03 12:16:03] [trace] [  JLink] - CPU_WriteMem(4 bytes @ 0xE0001000)
[2025-May-03 12:16:03] [trace] [  JLink] - CPU_ReadMem(4 bytes @ 0xE000ED88)
[2025-May-03 12:16:03] [trace] [  JLink] - CPU_WriteMem(4 bytes @ 0xE000ED88)
[2025-May-03 12:16:03] [trace] [  JLink] - CPU_ReadMem(4 bytes @ 0xE000ED88)
[2025-May-03 12:16:03] [trace] [  JLink] - CPU_WriteMem(4 bytes @ 0xE000ED88)
[2025-May-03 12:16:03] [trace] [  JLink] - CoreSight components:
[2025-May-03 12:16:03] [trace] [  JLink] - CoreSight components:
[2025-May-03 12:16:03] [trace] [  JLink] - ROMTbl[0] @ E00FF000
[2025-May-03 12:16:03] [trace] [  JLink] - ROMTbl[0] @ E00FF000
[2025-May-03 12:16:03] [trace] [  JLink] - CPU_ReadMem(64 bytes @ 0xE00FF000)
[2025-May-03 12:16:03] [trace] [  JLink] - CPU_ReadMem(32 bytes @ 0xE000EFE0)
[2025-May-03 12:16:03] [trace] [  JLink] - [0][0]: E000E000 CID B105E00D PID 000BB00C SCS-M7
[2025-May-03 12:16:03] [trace] [  JLink] - [0][0]: E000E000 CID B105E00D PID 000BB00C SCS-M7
[2025-May-03 12:16:03] [trace] [  JLink] - CPU_ReadMem(32 bytes @ 0xE0001FE0)
[2025-May-03 12:16:03] [trace] [  JLink] - [0][1]: E0001000 CID B105E00D PID 003BB002 DWT
[2025-May-03 12:16:03] [trace] [  JLink] - [0][1]: E0001000 CID B105E00D PID 003BB002 DWT
[2025-May-03 12:16:03] [trace] [  JLink] - CPU_ReadMem(32 bytes @ 0xE0002FE0)
[2025-May-03 12:16:03] [trace] [  JLink] - [0][2]: E0002000 CID B105E00D PID 002BB003 FPB
[2025-May-03 12:16:03] [trace] [  JLink] - [0][2]: E0002000 CID B105E00D PID 002BB003 FPB
[2025-May-03 12:16:03] [trace] [  JLink] - CPU_ReadMem(32 bytes @ 0xE0000FE0)
[2025-May-03 12:16:03] [trace] [  JLink] - [0][3]: E0000000 CID B105E00D PID 003BB001 ITM
[2025-May-03 12:16:03] [trace] [  JLink] - [0][3]: E0000000 CID B105E00D PID 003BB001 ITM
[2025-May-03 12:16:03] [trace] [  JLink] - CPU_ReadMem(32 bytes @ 0xE0040FE0)
[2025-May-03 12:16:03] [trace] [  JLink] - [0][4]: E0040000 CID B105900D PID 000BB9A1 TPIU
[2025-May-03 12:16:03] [trace] [  JLink] - [0][4]: E0040000 CID B105900D PID 000BB9A1 TPIU
[2025-May-03 12:16:03] [trace] [  JLink] - CPU_ReadMem(32 bytes @ 0xE0041FE0)
[2025-May-03 12:16:03] [trace] [  JLink] - [0][5]: E0041000 CID B105900D PID 000BB925 ETM
[2025-May-03 12:16:03] [trace] [  JLink] - [0][5]: E0041000 CID B105900D PID 000BB925 ETM
[2025-May-03 12:16:03] [trace] [  JLink] - - 15.994ms returns 0x00  
[2025-May-03 12:16:03] [trace] [  JLink] - JLINK_HasError()  
[2025-May-03 12:16:03] [trace] [  JLink] - JLINK_CORE_GetFound()  
[2025-May-03 12:16:03] [trace] [  JLink] - - 0.001ms returns 0xE0000FF  
[2025-May-03 12:16:03] [debug] [SeggerBackend] - ---just_read_u32
[2025-May-03 12:16:03] [debug] [SeggerBackend] - ---just_invalidate_cache
[2025-May-03 12:16:03] [trace] [  JLink] - JLINK_ExecCommand("InvalidateCache", ...).   
[2025-May-03 12:16:03] [trace] [  JLink] - - 0.056ms returns 0x00  
[2025-May-03 12:16:03] [trace] [  JLink] - JLINK_HasError()  
[2025-May-03 12:16:03] [trace] [  JLink] - JLINK_ReadMemU32(0x10000130, 0x1 Items)  
[2025-May-03 12:16:03] [trace] [  JLink] - CPU_ReadMem(4 bytes @ 0x10000130)
[2025-May-03 12:16:03] [trace] [  JLink] - Data:  08 00 00 00
[2025-May-03 12:16:03] [trace] [  JLink] - - 0.677ms returns 1 (0x1)  
[2025-May-03 12:16:03] [trace] [  JLink] - JLINK_HasError()  
[2025-May-03 12:16:03] [debug] [SeggerBackend] - read_u32
[2025-May-03 12:16:03] [debug] [SeggerBackend] - ---just_connect_to_device
[2025-May-03 12:16:03] [debug] [SeggerBackend] - is_connected_to_device
[2025-May-03 12:16:03] [debug] [SeggerBackend] - ---just_read_u32
[2025-May-03 12:16:03] [debug] [SeggerBackend] - ---just_invalidate_cache
[2025-May-03 12:16:03] [trace] [  JLink] - JLINK_ExecCommand("InvalidateCache", ...).   
[2025-May-03 12:16:03] [trace] [  JLink] - - 0.003ms returns 0x00  
[2025-May-03 12:16:03] [trace] [  JLink] - JLINK_HasError()  
[2025-May-03 12:16:03] [trace] [  JLink] - JLINK_ReadMemU32(0x10000134, 0x1 Items)  
[2025-May-03 12:16:03] [trace] [  JLink] - CPU_ReadMem(4 bytes @ 0x10000134)
[2025-May-03 12:16:03] [trace] [  JLink] - Data:  05 00 00 00
[2025-May-03 12:16:03] [trace] [  JLink] - - 0.316ms returns 1 (0x1)  
[2025-May-03 12:16:03] [trace] [  JLink] - JLINK_HasError()  
[2025-May-03 12:16:03] [debug] [  nRF52] - Just_decode_device_version
[2025-May-03 12:16:03] [debug] [  nRF52] - Device identified as NRF52840_xxAA_REV3
[2025-May-03 12:16:03] [debug] [  nRF52] - write_approtect
[2025-May-03 12:16:03] [ info] [  nRF52] - Restoring UICR values to keep device unprotected.
[2025-May-03 12:16:03] [debug] [  nRF52] - Just_read_u32
[2025-May-03 12:16:03] [debug] [SeggerBackend] - read_u32
[2025-May-03 12:16:03] [debug] [SeggerBackend] - ---just_connect_to_device
[2025-May-03 12:16:03] [debug] [SeggerBackend] - is_connected_to_device
[2025-May-03 12:16:03] [debug] [SeggerBackend] - ---just_halt
[2025-May-03 12:16:03] [trace] [  JLink] - JLINK_Halt()  
[2025-May-03 12:16:03] [trace] [  JLink] - - 3.716ms returns 0x00  
[2025-May-03 12:16:03] [trace] [  JLink] - JLINK_HasError()  
[2025-May-03 12:16:03] [debug] [SeggerBackend] - ---just_read_u32
[2025-May-03 12:16:03] [debug] [SeggerBackend] - ---just_invalidate_cache
[2025-May-03 12:16:03] [trace] [  JLink] - JLINK_ExecCommand("InvalidateCache", ...).   
[2025-May-03 12:16:03] [trace] [  JLink] - - 0.003ms returns 0x00  
[2025-May-03 12:16:03] [trace] [  JLink] - JLINK_HasError()  
[2025-May-03 12:16:03] [trace] [  JLink] - JLINK_ReadMemU32(0x10001208, 0x1 Items)  
[2025-May-03 12:16:03] [trace] [  JLink] - CPU_ReadMem(64 bytes @ 0x10001200)
[2025-May-03 12:16:03] [trace] [  JLink] -  -- Updating C cache (64 bytes @ 0x10001200)
[2025-May-03 12:16:03] [trace] [  JLink] -  -- Read from C cache (4 bytes @ 0x10001208)
[2025-May-03 12:16:03] [trace] [  JLink] - Data:  FF FF FF FF
[2025-May-03 12:16:03] [trace] [  JLink] - - 0.836ms returns 1 (0x1)  
[2025-May-03 12:16:03] [trace] [  JLink] - JLINK_HasError()  
[2025-May-03 12:16:03] [debug] [  nRF52] - Just_write_u32
[2025-May-03 12:16:03] [debug] [SeggerBackend] - write_u32
[2025-May-03 12:16:03] [debug] [SeggerBackend] - ---just_connect_to_device
[2025-May-03 12:16:03] [debug] [SeggerBackend] - is_connected_to_device
[2025-May-03 12:16:03] [debug] [SeggerBackend] - ---just_halt
[2025-May-03 12:16:03] [trace] [  JLink] - JLINK_Halt()  
[2025-May-03 12:16:03] [trace] [  JLink] - - 0.320ms returns 0x00  
[2025-May-03 12:16:03] [trace] [  JLink] - JLINK_HasError()  
[2025-May-03 12:16:03] [debug] [SeggerBackend] - ---just_write_u32
[2025-May-03 12:16:03] [debug] [SeggerBackend] - ---just_write_debug_port_register
[2025-May-03 12:16:03] [debug] [SeggerBackend] - ---just_select_debug_port_register
[2025-May-03 12:16:03] [debug] [SeggerBackend] - Select AP 255, DP Bank 0, AP Bank 255
[2025-May-03 12:16:03] [trace] [  JLink] - JLINK_CORESIGHT_WriteAPDPReg(DP reg 0x02, 0x00000000)  
[2025-May-03 12:16:03] [trace] [  JLink] - - 0.165ms returns 0  
[2025-May-03 12:16:03] [trace] [  JLink] - JLINK_HasError()  
[2025-May-03 12:16:03] [trace] [  JLink] - JLINK_CORESIGHT_WriteAPDPReg(DP reg 0x02, 0x00000000)  
[2025-May-03 12:16:03] [trace] [  JLink] - - 0.182ms returns 0  
[2025-May-03 12:16:03] [trace] [  JLink] - JLINK_HasError()  
[2025-May-03 12:16:03] [debug] [  nRF52] - Just_nvmc_config_control
[2025-May-03 12:16:03] [debug] [SeggerBackend] - write_u32
[2025-May-03 12:16:03] [debug] [SeggerBackend] - ---just_connect_to_device
[2025-May-03 12:16:03] [debug] [SeggerBackend] - is_connected_to_device
[2025-May-03 12:16:03] [debug] [SeggerBackend] - ---just_write_u32
[2025-May-03 12:16:03] [debug] [SeggerBackend] - ---just_write_debug_port_register
[2025-May-03 12:16:03] [debug] [SeggerBackend] - ---just_select_debug_port_register
[2025-May-03 12:16:03] [debug] [SeggerBackend] - Select AP 255, DP Bank 0, AP Bank 255
[2025-May-03 12:16:03] [trace] [  JLink] - JLINK_CORESIGHT_WriteAPDPReg(DP reg 0x02, 0x00000000)  
[2025-May-03 12:16:03] [trace] [  JLink] - - 0.177ms returns 0  
[2025-May-03 12:16:03] [trace] [  JLink] - JLINK_HasError()  
[2025-May-03 12:16:03] [trace] [  JLink] - JLINK_CORESIGHT_WriteAPDPReg(DP reg 0x02, 0x00000000)  
[2025-May-03 12:16:03] [trace] [  JLink] - - 0.168ms returns 0  
[2025-May-03 12:16:03] [trace] [  JLink] - JLINK_HasError()  
[2025-May-03 12:16:03] [trace] [  JLink] - JLINK_WriteU32_64(0x4001E504, 0x00000001)  
[2025-May-03 12:16:03] [trace] [  JLink] - CPU_WriteMem(4 bytes @ 0x4001E504)
[2025-May-03 12:16:03] [trace] [  JLink] - - 0.866ms returns 0 (0x00000000)  
[2025-May-03 12:16:03] [trace] [  JLink] - JLINK_HasError()  
[2025-May-03 12:16:03] [debug] [  nRF52] - Just_nvmc_wait_for_ready
[2025-May-03 12:16:03] [debug] [SeggerBackend] - read_u32
[2025-May-03 12:16:03] [debug] [SeggerBackend] - ---just_connect_to_device
[2025-May-03 12:16:03] [debug] [SeggerBackend] - is_connected_to_device
[2025-May-03 12:16:03] [debug] [SeggerBackend] - ---just_read_u32
[2025-May-03 12:16:03] [debug] [SeggerBackend] - ---just_invalidate_cache
[2025-May-03 12:16:03] [trace] [  JLink] - JLINK_ExecCommand("InvalidateCache", ...).   
[2025-May-03 12:16:03] [trace] [  JLink] - - 0.004ms returns 0x00  
[2025-May-03 12:16:03] [trace] [  JLink] - JLINK_HasError()  
[2025-May-03 12:16:03] [trace] [  JLink] - JLINK_ReadMemU32(0x4001E400, 0x1 Items)  
[2025-May-03 12:16:03] [trace] [  JLink] - CPU_ReadMem(4 bytes @ 0x4001E400)
[2025-May-03 12:16:03] [trace] [  JLink] - Data:  01 00 00 00
[2025-May-03 12:16:03] [trace] [  JLink] - - 0.307ms returns 1 (0x1)  
[2025-May-03 12:16:03] [trace] [  JLink] - JLINK_HasError()  
[2025-May-03 12:16:03] [trace] [  JLink] - JLINK_WriteU32_64(0x10001208, 0x0000005A)  
[2025-May-03 12:16:03] [trace] [  JLink] - CPU_WriteMem(4 bytes @ 0x10001208)
[2025-May-03 12:16:03] [trace] [  JLink] - - 0.836ms returns 0 (0x00000000)  
[2025-May-03 12:16:03] [trace] [  JLink] - JLINK_HasError()  
[2025-May-03 12:16:03] [debug] [  nRF52] - Just_nvmc_wait_for_ready
[2025-May-03 12:16:03] [debug] [SeggerBackend] - read_u32
[2025-May-03 12:16:03] [debug] [SeggerBackend] - ---just_connect_to_device
[2025-May-03 12:16:03] [debug] [SeggerBackend] - is_connected_to_device
[2025-May-03 12:16:03] [debug] [SeggerBackend] - ---just_read_u32
[2025-May-03 12:16:03] [debug] [SeggerBackend] - ---just_invalidate_cache
[2025-May-03 12:16:03] [trace] [  JLink] - JLINK_ExecCommand("InvalidateCache", ...).   
[2025-May-03 12:16:03] [trace] [  JLink] - - 0.003ms returns 0x00  
[2025-May-03 12:16:03] [trace] [  JLink] - JLINK_HasError()  
[2025-May-03 12:16:03] [trace] [  JLink] - JLINK_ReadMemU32(0x4001E400, 0x1 Items)  
[2025-May-03 12:16:03] [trace] [  JLink] - CPU_ReadMem(4 bytes @ 0x4001E400)
[2025-May-03 12:16:03] [trace] [  JLink] - Data:  01 00 00 00
[2025-May-03 12:16:03] [trace] [  JLink] - - 0.369ms returns 1 (0x1)  
[2025-May-03 12:16:03] [trace] [  JLink] - JLINK_HasError()  
[2025-May-03 12:16:03] [debug] [  nRF52] - Just_nvmc_config_control
[2025-May-03 12:16:03] [debug] [SeggerBackend] - write_u32
[2025-May-03 12:16:03] [debug] [SeggerBackend] - ---just_connect_to_device
[2025-May-03 12:16:03] [debug] [SeggerBackend] - is_connected_to_device
[2025-May-03 12:16:03] [debug] [SeggerBackend] - ---just_write_u32
[2025-May-03 12:16:03] [debug] [SeggerBackend] - ---just_write_debug_port_register
[2025-May-03 12:16:03] [debug] [SeggerBackend] - ---just_select_debug_port_register
[2025-May-03 12:16:03] [debug] [SeggerBackend] - Select AP 255, DP Bank 0, AP Bank 255
[2025-May-03 12:16:03] [trace] [  JLink] - JLINK_CORESIGHT_WriteAPDPReg(DP reg 0x02, 0x00000000)  
[2025-May-03 12:16:03] [trace] [  JLink] - - 0.173ms returns 0  
[2025-May-03 12:16:03] [trace] [  JLink] - JLINK_HasError()  
[2025-May-03 12:16:03] [trace] [  JLink] - JLINK_CORESIGHT_WriteAPDPReg(DP reg 0x02, 0x00000000)  
[2025-May-03 12:16:03] [trace] [  JLink] - - 0.165ms returns 0  
[2025-May-03 12:16:03] [trace] [  JLink] - JLINK_HasError()  
[2025-May-03 12:16:03] [trace] [  JLink] - JLINK_WriteU32_64(0x4001E504, 0x00000000)  
[2025-May-03 12:16:03] [trace] [  JLink] - CPU_WriteMem(4 bytes @ 0x4001E504)
[2025-May-03 12:16:03] [trace] [  JLink] - - 0.314ms returns 0 (0x00000000)  
[2025-May-03 12:16:03] [trace] [  JLink] - JLINK_HasError()  
[2025-May-03 12:16:03] [debug] [  nRF52] - Just_nvmc_wait_for_ready
[2025-May-03 12:16:03] [debug] [SeggerBackend] - read_u32
[2025-May-03 12:16:03] [debug] [SeggerBackend] - ---just_connect_to_device
[2025-May-03 12:16:03] [debug] [SeggerBackend] - is_connected_to_device
[2025-May-03 12:16:03] [debug] [SeggerBackend] - ---just_read_u32
[2025-May-03 12:16:03] [debug] [SeggerBackend] - ---just_invalidate_cache
[2025-May-03 12:16:03] [trace] [  JLink] - JLINK_ExecCommand("InvalidateCache", ...).   
[2025-May-03 12:16:03] [trace] [  JLink] - - 0.003ms returns 0x00  
[2025-May-03 12:16:03] [trace] [  JLink] - JLINK_HasError()  
[2025-May-03 12:16:03] [trace] [  JLink] - JLINK_ReadMemU32(0x4001E400, 0x1 Items)  
[2025-May-03 12:16:03] [trace] [  JLink] - CPU_ReadMem(4 bytes @ 0x4001E400)
[2025-May-03 12:16:03] [trace] [  JLink] - Data:  01 00 00 00
[2025-May-03 12:16:03] [trace] [  JLink] - - 0.310ms returns 1 (0x1)  
[2025-May-03 12:16:03] [trace] [  JLink] - JLINK_HasError()  
[2025-May-03 12:16:03] [debug] [  nRF52] - Just_write_u32
[2025-May-03 12:16:03] [debug] [SeggerBackend] - write_u32
[2025-May-03 12:16:03] [debug] [SeggerBackend] - ---just_connect_to_device
[2025-May-03 12:16:03] [debug] [SeggerBackend] - is_connected_to_device
[2025-May-03 12:16:03] [debug] [SeggerBackend] - ---just_halt
[2025-May-03 12:16:03] [trace] [  JLink] - JLINK_Halt()  
[2025-May-03 12:16:03] [trace] [  JLink] - - 0.002ms returns 0x00  
[2025-May-03 12:16:03] [trace] [  JLink] - JLINK_HasError()  
[2025-May-03 12:16:03] [debug] [SeggerBackend] - ---just_write_u32
[2025-May-03 12:16:03] [debug] [SeggerBackend] - ---just_write_debug_port_register
[2025-May-03 12:16:03] [debug] [SeggerBackend] - ---just_select_debug_port_register
[2025-May-03 12:16:03] [debug] [SeggerBackend] - Select AP 255, DP Bank 0, AP Bank 255
[2025-May-03 12:16:03] [trace] [  JLink] - JLINK_CORESIGHT_WriteAPDPReg(DP reg 0x02, 0x00000000)  
[2025-May-03 12:16:03] [trace] [  JLink] - - 0.171ms returns 0  
[2025-May-03 12:16:03] [trace] [  JLink] - JLINK_HasError()  
[2025-May-03 12:16:03] [trace] [  JLink] - JLINK_CORESIGHT_WriteAPDPReg(DP reg 0x02, 0x00000000)  
[2025-May-03 12:16:03] [trace] [  JLink] - - 0.169ms returns 0  
[2025-May-03 12:16:03] [trace] [  JLink] - JLINK_HasError()  
[2025-May-03 12:16:03] [trace] [  JLink] - JLINK_WriteU32_64(0x40000558, 0x0000005A)  
[2025-May-03 12:16:03] [trace] [  JLink] - CPU_WriteMem(4 bytes @ 0x40000558)
[2025-May-03 12:16:03] [trace] [  JLink] - - 0.316ms returns 0 (0x00000000)  
[2025-May-03 12:16:03] [trace] [  JLink] - JLINK_HasError()  
[2025-May-03 12:16:03] [debug] [SeggerBackend] - halt
[2025-May-03 12:16:03] [debug] [SeggerBackend] - ---just_connect_to_device
[2025-May-03 12:16:03] [debug] [SeggerBackend] - is_connected_to_device
[2025-May-03 12:16:03] [debug] [SeggerBackend] - ---just_halt
[2025-May-03 12:16:03] [trace] [  JLink] - JLINK_Halt()  
[2025-May-03 12:16:03] [trace] [  JLink] - - 0.001ms returns 0x00  
[2025-May-03 12:16:03] [trace] [  JLink] - JLINK_HasError()  
[2025-May-03 12:16:03] [debug] [SeggerBackend] - sys_reset
[2025-May-03 12:16:03] [debug] [SeggerBackend] - ---just_connect_to_device
[2025-May-03 12:16:03] [debug] [SeggerBackend] - is_connected_to_device
[2025-May-03 12:16:03] [debug] [SeggerBackend] - ---just_halt
[2025-May-03 12:16:03] [trace] [  JLink] - JLINK_Halt()  
[2025-May-03 12:16:03] [trace] [  JLink] - - 0.001ms returns 0x00  
[2025-May-03 12:16:03] [trace] [  JLink] - JLINK_HasError()  
[2025-May-03 12:16:03] [debug] [SeggerBackend] - ---just_sys_reset
[2025-May-03 12:16:03] [trace] [  JLink] - JLINK_SetResetType(JLINKARM_CM3_RESET_TYPE_NORMAL)  
[2025-May-03 12:16:03] [trace] [  JLink] - - 0.002ms returns JLINKARM_CM3_RESET_TYPE_NORMAL  
[2025-May-03 12:16:03] [trace] [  JLink] - JLINK_HasError()  
[2025-May-03 12:16:03] [trace] [  JLink] - JLINK_Reset()  
[2025-May-03 12:16:03] [trace] [  JLink] - CPU_WriteMem(4 bytes @ 0xE000EDF0)
[2025-May-03 12:16:03] [trace] [  JLink] - CPU_WriteMem(4 bytes @ 0xE000EDFC)
[2025-May-03 12:16:03] [trace] [  JLink] - Reset: Halt core after reset via DEMCR.VC_CORERESET.
[2025-May-03 12:16:03] [trace] [  JLink] - Reset: Halt core after reset via DEMCR.VC_CORERESET.
[2025-May-03 12:16:03] [trace] [  JLink] - Reset: Reset device via AIRCR.SYSRESETREQ.
[2025-May-03 12:16:03] [trace] [  JLink] - Reset: Reset device via AIRCR.SYSRESETREQ.
[2025-May-03 12:16:03] [trace] [  JLink] - CPU_WriteMem(4 bytes @ 0xE000ED0C)
[2025-May-03 12:16:04] [trace] [  JLink] - CPU_ReadMem(4 bytes @ 0xE000EDF0)
[2025-May-03 12:16:04] [trace] [  JLink] - CPU_ReadMem(4 bytes @ 0xE000EDF0)
[2025-May-03 12:16:04] [trace] [  JLink] - CPU_WriteMem(4 bytes @ 0xE000EDFC)
[2025-May-03 12:16:04] [trace] [  JLink] - CPU_ReadMem(4 bytes @ 0xE000EDF0)
[2025-May-03 12:16:04] [trace] [  JLink] - CPU_WriteMem(4 bytes @ 0xE0002000)
[2025-May-03 12:16:04] [trace] [  JLink] - CPU_ReadMem(4 bytes @ 0xE000EDFC)
[2025-May-03 12:16:04] [trace] [  JLink] - CPU_ReadMem(4 bytes @ 0xE0001000)
[2025-May-03 12:16:04] [trace] [  JLink] - - 71.005ms  
[2025-May-03 12:16:04] [trace] [  JLink] - JLINK_HasError()  
[2025-May-03 12:16:04] [debug] [  nRF52] - Just_power_ram_all
[2025-May-03 12:16:04] [debug] [  nRF52] - Just_readback_status
[2025-May-03 12:16:04] [debug] [  nRF52] - Just_is_ctrl_ap_available
[2025-May-03 12:16:04] [debug] [SeggerBackend] - read_access_port_register
[2025-May-03 12:16:04] [debug] [SeggerBackend] - ---just_read_access_port_register
[2025-May-03 12:16:04] [debug] [SeggerBackend] - ---just_select_access_port_register
[2025-May-03 12:16:04] [debug] [SeggerBackend] - Select AP 1, DP Bank 255, AP Bank 15
[2025-May-03 12:16:04] [trace] [  JLink] - JLINK_CORESIGHT_WriteAPDPReg(DP reg 0x02, 0x010000F0)  
[2025-May-03 12:16:04] [trace] [  JLink] - - 0.246ms returns 0  
[2025-May-03 12:16:04] [trace] [  JLink] - JLINK_HasError()  
[2025-May-03 12:16:04] [trace] [  JLink] - JLINK_CORESIGHT_ReadAPDPReg(AP reg 0x03)  
[2025-May-03 12:16:04] [trace] [  JLink] - Value=0x02880000
[2025-May-03 12:16:04] [trace] [  JLink] - - 0.229ms returns 0  
[2025-May-03 12:16:04] [trace] [  JLink] - JLINK_HasError()  
[2025-May-03 12:16:04] [debug] [SeggerBackend] - read_access_port_register
[2025-May-03 12:16:04] [debug] [SeggerBackend] - ---just_read_access_port_register
[2025-May-03 12:16:04] [debug] [SeggerBackend] - ---just_select_access_port_register
[2025-May-03 12:16:04] [trace] [  JLink] - JLINK_CORESIGHT_ReadAPDPReg(AP reg 0x03)  
[2025-May-03 12:16:04] [trace] [  JLink] - Value=0x02880000
[2025-May-03 12:16:04] [trace] [  JLink] - - 0.280ms returns 0  
[2025-May-03 12:16:04] [trace] [  JLink] - JLINK_HasError()  
[2025-May-03 12:16:04] [debug] [SeggerBackend] - read_access_port_register
[2025-May-03 12:16:04] [debug] [SeggerBackend] - ---just_read_access_port_register
[2025-May-03 12:16:04] [debug] [SeggerBackend] - ---just_select_access_port_register
[2025-May-03 12:16:04] [trace] [  JLink] - JLINK_CORESIGHT_ReadAPDPReg(AP reg 0x03)  
[2025-May-03 12:16:04] [trace] [  JLink] - Value=0x02880000
[2025-May-03 12:16:04] [trace] [  JLink] - - 0.274ms returns 0  
[2025-May-03 12:16:04] [trace] [  JLink] - JLINK_HasError()  
[2025-May-03 12:16:04] [debug] [SeggerBackend] - read_access_port_register
[2025-May-03 12:16:04] [debug] [SeggerBackend] - ---just_read_access_port_register
[2025-May-03 12:16:04] [debug] [SeggerBackend] - ---just_select_access_port_register
[2025-May-03 12:16:04] [trace] [  JLink] - JLINK_CORESIGHT_ReadAPDPReg(AP reg 0x03)  
[2025-May-03 12:16:04] [trace] [  JLink] - Value=0x02880000
[2025-May-03 12:16:04] [trace] [  JLink] - - 0.262ms returns 0  
[2025-May-03 12:16:04] [trace] [  JLink] - JLINK_HasError()  
[2025-May-03 12:16:04] [debug] [SeggerBackend] - read_access_port_register
[2025-May-03 12:16:04] [debug] [SeggerBackend] - ---just_read_access_port_register
[2025-May-03 12:16:04] [debug] [SeggerBackend] - ---just_select_access_port_register
[2025-May-03 12:16:04] [debug] [SeggerBackend] - Select AP 1, DP Bank 0, AP Bank 0
[2025-May-03 12:16:04] [trace] [  JLink] - JLINK_CORESIGHT_WriteAPDPReg(DP reg 0x02, 0x01000000)  
[2025-May-03 12:16:04] [trace] [  JLink] - - 0.183ms returns 0  
[2025-May-03 12:16:04] [trace] [  JLink] - JLINK_HasError()  
[2025-May-03 12:16:04] [trace] [  JLink] - JLINK_CORESIGHT_ReadAPDPReg(AP reg 0x03)  
[2025-May-03 12:16:04] [trace] [  JLink] - Value=0x00000001
[2025-May-03 12:16:04] [trace] [  JLink] - - 0.200ms returns 0  
[2025-May-03 12:16:04] [trace] [  JLink] - JLINK_HasError()  
[2025-May-03 12:16:04] [debug] [SeggerBackend] - read_access_port_register
[2025-May-03 12:16:04] [debug] [SeggerBackend] - ---just_read_access_port_register
[2025-May-03 12:16:04] [debug] [SeggerBackend] - ---just_select_access_port_register
[2025-May-03 12:16:04] [trace] [  JLink] - JLINK_CORESIGHT_ReadAPDPReg(AP reg 0x03)  
[2025-May-03 12:16:04] [trace] [  JLink] - Value=0x00000001
[2025-May-03 12:16:04] [trace] [  JLink] - - 0.210ms returns 0  
[2025-May-03 12:16:04] [trace] [  JLink] - JLINK_HasError()  
[2025-May-03 12:16:04] [debug] [SeggerBackend] - read_access_port_register
[2025-May-03 12:16:04] [debug] [SeggerBackend] - ---just_read_access_port_register
[2025-May-03 12:16:04] [debug] [SeggerBackend] - ---just_select_access_port_register
[2025-May-03 12:16:04] [trace] [  JLink] - JLINK_CORESIGHT_ReadAPDPReg(AP reg 0x03)  
[2025-May-03 12:16:04] [trace] [  JLink] - Value=0x00000001
[2025-May-03 12:16:04] [trace] [  JLink] - - 0.205ms returns 0  
[2025-May-03 12:16:04] [trace] [  JLink] - JLINK_HasError()  
[2025-May-03 12:16:04] [debug] [SeggerBackend] - read_access_port_register
[2025-May-03 12:16:04] [debug] [SeggerBackend] - ---just_read_access_port_register
[2025-May-03 12:16:04] [debug] [SeggerBackend] - ---just_select_access_port_register
[2025-May-03 12:16:04] [trace] [  JLink] - JLINK_CORESIGHT_ReadAPDPReg(AP reg 0x03)  
[2025-May-03 12:16:04] [trace] [  JLink] - Value=0x00000001
[2025-May-03 12:16:04] [trace] [  JLink] - - 0.240ms returns 0  
[2025-May-03 12:16:04] [trace] [  JLink] - JLINK_HasError()  
[2025-May-03 12:16:04] [ info] [  nRF52] - Protection status read as NONE
[2025-May-03 12:16:04] [debug] [SeggerBackend] - write_u32
[2025-May-03 12:16:04] [debug] [SeggerBackend] - ---just_connect_to_device
[2025-May-03 12:16:04] [debug] [SeggerBackend] - is_connected_to_device
[2025-May-03 12:16:04] [debug] [SeggerBackend] - ---just_write_u32
[2025-May-03 12:16:04] [debug] [SeggerBackend] - ---just_write_debug_port_register
[2025-May-03 12:16:04] [debug] [SeggerBackend] - ---just_select_debug_port_register
[2025-May-03 12:16:04] [debug] [SeggerBackend] - Select AP 255, DP Bank 0, AP Bank 255
[2025-May-03 12:16:04] [trace] [  JLink] - JLINK_CORESIGHT_WriteAPDPReg(DP reg 0x02, 0x00000000)  
[2025-May-03 12:16:04] [trace] [  JLink] - - 0.164ms returns 0  
[2025-May-03 12:16:04] [trace] [  JLink] - JLINK_HasError()  
[2025-May-03 12:16:04] [trace] [  JLink] - JLINK_CORESIGHT_WriteAPDPReg(DP reg 0x02, 0x00000000)  
[2025-May-03 12:16:04] [trace] [  JLink] - - 0.173ms returns 0  
[2025-May-03 12:16:04] [trace] [  JLink] - JLINK_HasError()  
[2025-May-03 12:16:04] [trace] [  JLink] - JLINK_WriteU32_64(0x40000904, 0x0000FFFF)  
[2025-May-03 12:16:04] [trace] [  JLink] - CPU_WriteMem(4 bytes @ 0x40000904)
[2025-May-03 12:16:04] [trace] [  JLink] - - 0.329ms returns 0 (0x00000000)  
[2025-May-03 12:16:04] [trace] [  JLink] - JLINK_HasError()  
[2025-May-03 12:16:04] [debug] [SeggerBackend] - write_u32
[2025-May-03 12:16:04] [debug] [SeggerBackend] - ---just_connect_to_device
[2025-May-03 12:16:04] [debug] [SeggerBackend] - is_connected_to_device
[2025-May-03 12:16:04] [debug] [SeggerBackend] - ---just_write_u32
[2025-May-03 12:16:04] [debug] [SeggerBackend] - ---just_write_debug_port_register
[2025-May-03 12:16:04] [debug] [SeggerBackend] - ---just_select_debug_port_register
[2025-May-03 12:16:04] [debug] [SeggerBackend] - Select AP 255, DP Bank 0, AP Bank 255
[2025-May-03 12:16:04] [trace] [  JLink] - JLINK_CORESIGHT_WriteAPDPReg(DP reg 0x02, 0x00000000)  
[2025-May-03 12:16:04] [trace] [  JLink] - - 0.174ms returns 0  
[2025-May-03 12:16:04] [trace] [  JLink] - JLINK_HasError()  
[2025-May-03 12:16:04] [trace] [  JLink] - JLINK_CORESIGHT_WriteAPDPReg(DP reg 0x02, 0x00000000)  
[2025-May-03 12:16:04] [trace] [  JLink] - - 0.172ms returns 0  
[2025-May-03 12:16:04] [trace] [  JLink] - JLINK_HasError()  
[2025-May-03 12:16:04] [trace] [  JLink] - JLINK_WriteU32_64(0x40000914, 0x0000FFFF)  
[2025-May-03 12:16:04] [trace] [  JLink] - CPU_WriteMem(4 bytes @ 0x40000914)
[2025-May-03 12:16:04] [trace] [  JLink] - - 0.306ms returns 0 (0x00000000)  
[2025-May-03 12:16:04] [trace] [  JLink] - JLINK_HasError()  
[2025-May-03 12:16:04] [debug] [SeggerBackend] - write_u32
[2025-May-03 12:16:04] [debug] [SeggerBackend] - ---just_connect_to_device
[2025-May-03 12:16:04] [debug] [SeggerBackend] - is_connected_to_device
[2025-May-03 12:16:04] [debug] [SeggerBackend] - ---just_write_u32
[2025-May-03 12:16:04] [debug] [SeggerBackend] - ---just_write_debug_port_register
[2025-May-03 12:16:04] [debug] [SeggerBackend] - ---just_select_debug_port_register
[2025-May-03 12:16:04] [debug] [SeggerBackend] - Select AP 255, DP Bank 0, AP Bank 255
[2025-May-03 12:16:04] [trace] [  JLink] - JLINK_CORESIGHT_WriteAPDPReg(DP reg 0x02, 0x00000000)  
[2025-May-03 12:16:04] [trace] [  JLink] - - 0.169ms returns 0  
[2025-May-03 12:16:04] [trace] [  JLink] - JLINK_HasError()  
[2025-May-03 12:16:04] [trace] [  JLink] - JLINK_CORESIGHT_WriteAPDPReg(DP reg 0x02, 0x00000000)  
[2025-May-03 12:16:04] [trace] [  JLink] - - 0.173ms returns 0  
[2025-May-03 12:16:04] [trace] [  JLink] - JLINK_HasError()  
[2025-May-03 12:16:04] [trace] [  JLink] - JLINK_WriteU32_64(0x40000924, 0x0000FFFF)  
[2025-May-03 12:16:04] [trace] [  JLink] - CPU_WriteMem(4 bytes @ 0x40000924)
[2025-May-03 12:16:04] [trace] [  JLink] - - 0.369ms returns 0 (0x00000000)  
[2025-May-03 12:16:04] [trace] [  JLink] - JLINK_HasError()  
[2025-May-03 12:16:04] [debug] [SeggerBackend] - write_u32
[2025-May-03 12:16:04] [debug] [SeggerBackend] - ---just_connect_to_device
[2025-May-03 12:16:04] [debug] [SeggerBackend] - is_connected_to_device
[2025-May-03 12:16:04] [debug] [SeggerBackend] - ---just_write_u32
[2025-May-03 12:16:04] [debug] [SeggerBackend] - ---just_write_debug_port_register
[2025-May-03 12:16:04] [debug] [SeggerBackend] - ---just_select_debug_port_register
[2025-May-03 12:16:04] [debug] [SeggerBackend] - Select AP 255, DP Bank 0, AP Bank 255
[2025-May-03 12:16:04] [trace] [  JLink] - JLINK_CORESIGHT_WriteAPDPReg(DP reg 0x02, 0x00000000)  
[2025-May-03 12:16:04] [trace] [  JLink] - - 0.174ms returns 0  
[2025-May-03 12:16:04] [trace] [  JLink] - JLINK_HasError()  
[2025-May-03 12:16:04] [trace] [  JLink] - JLINK_CORESIGHT_WriteAPDPReg(DP reg 0x02, 0x00000000)  
[2025-May-03 12:16:04] [trace] [  JLink] - - 0.175ms returns 0  
[2025-May-03 12:16:04] [trace] [  JLink] - JLINK_HasError()  
[2025-May-03 12:16:04] [trace] [  JLink] - JLINK_WriteU32_64(0x40000934, 0x0000FFFF)  
[2025-May-03 12:16:04] [trace] [  JLink] - CPU_WriteMem(4 bytes @ 0x40000934)
[2025-May-03 12:16:04] [trace] [  JLink] - - 0.395ms returns 0 (0x00000000)  
[2025-May-03 12:16:04] [trace] [  JLink] - JLINK_HasError()  
[2025-May-03 12:16:04] [debug] [SeggerBackend] - write_u32
[2025-May-03 12:16:04] [debug] [SeggerBackend] - ---just_connect_to_device
[2025-May-03 12:16:04] [debug] [SeggerBackend] - is_connected_to_device
[2025-May-03 12:16:04] [debug] [SeggerBackend] - ---just_write_u32
[2025-May-03 12:16:04] [debug] [SeggerBackend] - ---just_write_debug_port_register
[2025-May-03 12:16:04] [debug] [SeggerBackend] - ---just_select_debug_port_register
[2025-May-03 12:16:04] [debug] [SeggerBackend] - Select AP 255, DP Bank 0, AP Bank 255
[2025-May-03 12:16:04] [trace] [  JLink] - JLINK_CORESIGHT_WriteAPDPReg(DP reg 0x02, 0x00000000)  
[2025-May-03 12:16:04] [trace] [  JLink] - - 0.169ms returns 0  
[2025-May-03 12:16:04] [trace] [  JLink] - JLINK_HasError()  
[2025-May-03 12:16:04] [trace] [  JLink] - JLINK_CORESIGHT_WriteAPDPReg(DP reg 0x02, 0x00000000)  
[2025-May-03 12:16:04] [trace] [  JLink] - - 0.166ms returns 0  
[2025-May-03 12:16:04] [trace] [  JLink] - JLINK_HasError()  
[2025-May-03 12:16:04] [trace] [  JLink] - JLINK_WriteU32_64(0x40000944, 0x0000FFFF)  
[2025-May-03 12:16:04] [trace] [  JLink] - CPU_WriteMem(4 bytes @ 0x40000944)
[2025-May-03 12:16:04] [trace] [  JLink] - - 0.318ms returns 0 (0x00000000)  
[2025-May-03 12:16:04] [trace] [  JLink] - JLINK_HasError()  
[2025-May-03 12:16:04] [debug] [SeggerBackend] - write_u32
[2025-May-03 12:16:04] [debug] [SeggerBackend] - ---just_connect_to_device
[2025-May-03 12:16:04] [debug] [SeggerBackend] - is_connected_to_device
[2025-May-03 12:16:04] [debug] [SeggerBackend] - ---just_write_u32
[2025-May-03 12:16:04] [debug] [SeggerBackend] - ---just_write_debug_port_register
[2025-May-03 12:16:04] [debug] [SeggerBackend] - ---just_select_debug_port_register
[2025-May-03 12:16:04] [debug] [SeggerBackend] - Select AP 255, DP Bank 0, AP Bank 255
[2025-May-03 12:16:04] [trace] [  JLink] - JLINK_CORESIGHT_WriteAPDPReg(DP reg 0x02, 0x00000000)  
[2025-May-03 12:16:04] [trace] [  JLink] - - 0.168ms returns 0  
[2025-May-03 12:16:04] [trace] [  JLink] - JLINK_HasError()  
[2025-May-03 12:16:04] [trace] [  JLink] - JLINK_CORESIGHT_WriteAPDPReg(DP reg 0x02, 0x00000000)  
[2025-May-03 12:16:04] [trace] [  JLink] - - 0.158ms returns 0  
[2025-May-03 12:16:04] [trace] [  JLink] - JLINK_HasError()  
[2025-May-03 12:16:04] [trace] [  JLink] - JLINK_WriteU32_64(0x40000954, 0x0000FFFF)  
[2025-May-03 12:16:04] [trace] [  JLink] - CPU_WriteMem(4 bytes @ 0x40000954)
[2025-May-03 12:16:04] [trace] [  JLink] - - 0.289ms returns 0 (0x00000000)  
[2025-May-03 12:16:04] [trace] [  JLink] - JLINK_HasError()  
[2025-May-03 12:16:04] [debug] [SeggerBackend] - write_u32
[2025-May-03 12:16:04] [debug] [SeggerBackend] - ---just_connect_to_device
[2025-May-03 12:16:04] [debug] [SeggerBackend] - is_connected_to_device
[2025-May-03 12:16:04] [debug] [SeggerBackend] - ---just_write_u32
[2025-May-03 12:16:04] [debug] [SeggerBackend] - ---just_write_debug_port_register
[2025-May-03 12:16:04] [debug] [SeggerBackend] - ---just_select_debug_port_register
[2025-May-03 12:16:04] [debug] [SeggerBackend] - Select AP 255, DP Bank 0, AP Bank 255
[2025-May-03 12:16:04] [trace] [  JLink] - JLINK_CORESIGHT_WriteAPDPReg(DP reg 0x02, 0x00000000)  
[2025-May-03 12:16:04] [trace] [  JLink] - - 0.169ms returns 0  
[2025-May-03 12:16:04] [trace] [  JLink] - JLINK_HasError()  
[2025-May-03 12:16:04] [trace] [  JLink] - JLINK_CORESIGHT_WriteAPDPReg(DP reg 0x02, 0x00000000)  
[2025-May-03 12:16:04] [trace] [  JLink] - - 0.168ms returns 0  
[2025-May-03 12:16:04] [trace] [  JLink] - JLINK_HasError()  
[2025-May-03 12:16:04] [trace] [  JLink] - JLINK_WriteU32_64(0x40000964, 0x0000FFFF)  
[2025-May-03 12:16:04] [trace] [  JLink] - CPU_WriteMem(4 bytes @ 0x40000964)
[2025-May-03 12:16:04] [trace] [  JLink] - - 0.339ms returns 0 (0x00000000)  
[2025-May-03 12:16:04] [trace] [  JLink] - JLINK_HasError()  
[2025-May-03 12:16:04] [debug] [SeggerBackend] - write_u32
[2025-May-03 12:16:04] [debug] [SeggerBackend] - ---just_connect_to_device
[2025-May-03 12:16:04] [debug] [SeggerBackend] - is_connected_to_device
[2025-May-03 12:16:04] [debug] [SeggerBackend] - ---just_write_u32
[2025-May-03 12:16:04] [debug] [SeggerBackend] - ---just_write_debug_port_register
[2025-May-03 12:16:04] [debug] [SeggerBackend] - ---just_select_debug_port_register
[2025-May-03 12:16:04] [debug] [SeggerBackend] - Select AP 255, DP Bank 0, AP Bank 255
[2025-May-03 12:16:04] [trace] [  JLink] - JLINK_CORESIGHT_WriteAPDPReg(DP reg 0x02, 0x00000000)  
[2025-May-03 12:16:04] [trace] [  JLink] - - 0.164ms returns 0  
[2025-May-03 12:16:04] [trace] [  JLink] - JLINK_HasError()  
[2025-May-03 12:16:04] [trace] [  JLink] - JLINK_CORESIGHT_WriteAPDPReg(DP reg 0x02, 0x00000000)  
[2025-May-03 12:16:04] [trace] [  JLink] - - 0.163ms returns 0  
[2025-May-03 12:16:04] [trace] [  JLink] - JLINK_HasError()  
[2025-May-03 12:16:04] [trace] [  JLink] - JLINK_WriteU32_64(0x40000974, 0x0000FFFF)  
[2025-May-03 12:16:04] [trace] [  JLink] - CPU_WriteMem(4 bytes @ 0x40000974)
[2025-May-03 12:16:04] [trace] [  JLink] - - 0.310ms returns 0 (0x00000000)  
[2025-May-03 12:16:04] [trace] [  JLink] - JLINK_HasError()  
[2025-May-03 12:16:04] [debug] [SeggerBackend] - write_u32
[2025-May-03 12:16:04] [debug] [SeggerBackend] - ---just_connect_to_device
[2025-May-03 12:16:04] [debug] [SeggerBackend] - is_connected_to_device
[2025-May-03 12:16:04] [debug] [SeggerBackend] - ---just_write_u32
[2025-May-03 12:16:04] [debug] [SeggerBackend] - ---just_write_debug_port_register
[2025-May-03 12:16:04] [debug] [SeggerBackend] - ---just_select_debug_port_register
[2025-May-03 12:16:04] [debug] [SeggerBackend] - Select AP 255, DP Bank 0, AP Bank 255
[2025-May-03 12:16:04] [trace] [  JLink] - JLINK_CORESIGHT_WriteAPDPReg(DP reg 0x02, 0x00000000)  
[2025-May-03 12:16:04] [trace] [  JLink] - - 0.163ms returns 0  
[2025-May-03 12:16:04] [trace] [  JLink] - JLINK_HasError()  
[2025-May-03 12:16:04] [trace] [  JLink] - JLINK_CORESIGHT_WriteAPDPReg(DP reg 0x02, 0x00000000)  
[2025-May-03 12:16:04] [trace] [  JLink] - - 0.173ms returns 0  
[2025-May-03 12:16:04] [trace] [  JLink] - JLINK_HasError()  
[2025-May-03 12:16:04] [trace] [  JLink] - JLINK_WriteU32_64(0x40000984, 0x0000FFFF)  
[2025-May-03 12:16:04] [trace] [  JLink] - CPU_WriteMem(4 bytes @ 0x40000984)
[2025-May-03 12:16:04] [trace] [  JLink] - - 0.288ms returns 0 (0x00000000)  
[2025-May-03 12:16:04] [trace] [  JLink] - JLINK_HasError()  
[2025-May-03 12:16:04] [debug] [  nRF52] - Just_clear_resetreas
[2025-May-03 12:16:04] [debug] [SeggerBackend] - write_u32
[2025-May-03 12:16:04] [debug] [SeggerBackend] - ---just_connect_to_device
[2025-May-03 12:16:04] [debug] [SeggerBackend] - is_connected_to_device
[2025-May-03 12:16:04] [debug] [SeggerBackend] - ---just_write_u32
[2025-May-03 12:16:04] [debug] [SeggerBackend] - ---just_write_debug_port_register
[2025-May-03 12:16:04] [debug] [SeggerBackend] - ---just_select_debug_port_register
[2025-May-03 12:16:04] [debug] [SeggerBackend] - Select AP 255, DP Bank 0, AP Bank 255
[2025-May-03 12:16:04] [trace] [  JLink] - JLINK_CORESIGHT_WriteAPDPReg(DP reg 0x02, 0x00000000)  
[2025-May-03 12:16:04] [trace] [  JLink] - - 0.165ms returns 0  
[2025-May-03 12:16:04] [trace] [  JLink] - JLINK_HasError()  
[2025-May-03 12:16:04] [trace] [  JLink] - JLINK_CORESIGHT_WriteAPDPReg(DP reg 0x02, 0x00000000)  
[2025-May-03 12:16:04] [trace] [  JLink] - - 0.165ms returns 0  
[2025-May-03 12:16:04] [trace] [  JLink] - JLINK_HasError()  
[2025-May-03 12:16:04] [trace] [  JLink] - JLINK_WriteU32_64(0x40000400, 0xFFFFFFFF)  
[2025-May-03 12:16:04] [trace] [  JLink] - CPU_WriteMem(4 bytes @ 0x40000400)
[2025-May-03 12:16:04] [trace] [  JLink] - - 0.364ms returns 0 (0x00000000)  
[2025-May-03 12:16:04] [trace] [  JLink] - JLINK_HasError()  
[2025-May-03 12:16:04] [trace] [  JLink] - - 0.007ms  
[2025-May-03 12:16:04] [trace] [ Worker] - Command recover executed for 1163 milliseconds with result 0
[2025-May-03 12:16:04] [trace] [ Client] - Command recover executed for 1170 milliseconds with result 0
[2025-May-03 12:16:04] [debug] [ Client] - read_device_info
[2025-May-03 12:16:04] [trace] [ Client] - Command read_device_info executed for 3 milliseconds with result 0
[2025-May-03 12:16:04] [debug] [  nRF52] - read_device_info
[2025-May-03 12:16:04] [debug] [SeggerBackend] - is_connected_to_emu
[2025-May-03 12:16:04] [trace] [  JLink] - JLINK_IsOpen()  
[2025-May-03 12:16:04] [trace] [  JLink] - - 0.003ms returns 0x01  
[2025-May-03 12:16:04] [trace] [  JLink] - JLINK_HasError()  
[2025-May-03 12:16:04] [trace] [  JLink] - JLINK_Lock()  
[2025-May-03 12:16:04] [debug] [  nRF52] - Just_read_device_version
[2025-May-03 12:16:04] [debug] [  nRF52] - Just_readback_status
[2025-May-03 12:16:04] [debug] [  nRF52] - Just_is_ctrl_ap_available
[2025-May-03 12:16:04] [debug] [SeggerBackend] - read_access_port_register
[2025-May-03 12:16:04] [debug] [SeggerBackend] - ---just_read_access_port_register
[2025-May-03 12:16:04] [debug] [SeggerBackend] - ---just_is_debug_region_powered
[2025-May-03 12:16:04] [debug] [SeggerBackend] - ---just_read_debug_port_register
[2025-May-03 12:16:04] [debug] [SeggerBackend] - ---just_select_debug_port_register
[2025-May-03 12:16:04] [debug] [SeggerBackend] - Select AP 255, DP Bank 0, AP Bank 255
[2025-May-03 12:16:04] [trace] [  JLink] - JLINK_CORESIGHT_WriteAPDPReg(DP reg 0x02, 0x00000000)  
[2025-May-03 12:16:04] [trace] [  JLink] - - 0.227ms returns 0  
[2025-May-03 12:16:04] [trace] [  JLink] - JLINK_HasError()  
[2025-May-03 12:16:04] [trace] [  JLink] - JLINK_CORESIGHT_ReadAPDPReg(DP reg 0x01)  
[2025-May-03 12:16:04] [trace] [  JLink] - Value=0xF0000040
[2025-May-03 12:16:04] [trace] [  JLink] - - 0.203ms returns 0  
[2025-May-03 12:16:04] [trace] [  JLink] - JLINK_HasError()  
[2025-May-03 12:16:04] [debug] [SeggerBackend] - ---just_select_access_port_register
[2025-May-03 12:16:04] [debug] [SeggerBackend] - Select AP 1, DP Bank 0, AP Bank 15
[2025-May-03 12:16:04] [trace] [  JLink] - JLINK_CORESIGHT_WriteAPDPReg(DP reg 0x02, 0x010000F0)  
[2025-May-03 12:16:04] [trace] [  JLink] - - 0.190ms returns 0  
[2025-May-03 12:16:04] [trace] [  JLink] - JLINK_HasError()  
[2025-May-03 12:16:04] [trace] [  JLink] - JLINK_CORESIGHT_ReadAPDPReg(AP reg 0x03)  
[2025-May-03 12:16:04] [trace] [  JLink] - Value=0x02880000
[2025-May-03 12:16:04] [trace] [  JLink] - - 0.260ms returns 0  
[2025-May-03 12:16:04] [trace] [  JLink] - JLINK_HasError()  
[2025-May-03 12:16:04] [debug] [SeggerBackend] - read_access_port_register
[2025-May-03 12:16:04] [debug] [SeggerBackend] - ---just_read_access_port_register
[2025-May-03 12:16:04] [debug] [SeggerBackend] - ---just_select_access_port_register
[2025-May-03 12:16:04] [trace] [  JLink] - JLINK_CORESIGHT_ReadAPDPReg(AP reg 0x03)  
[2025-May-03 12:16:04] [trace] [  JLink] - Value=0x02880000
[2025-May-03 12:16:04] [trace] [  JLink] - - 0.237ms returns 0  
[2025-May-03 12:16:04] [trace] [  JLink] - JLINK_HasError()  
[2025-May-03 12:16:04] [debug] [SeggerBackend] - read_access_port_register
[2025-May-03 12:16:04] [debug] [SeggerBackend] - ---just_read_access_port_register
[2025-May-03 12:16:04] [debug] [SeggerBackend] - ---just_select_access_port_register
[2025-May-03 12:16:04] [trace] [  JLink] - JLINK_CORESIGHT_ReadAPDPReg(AP reg 0x03)  
[2025-May-03 12:16:04] [trace] [  JLink] - Value=0x02880000
[2025-May-03 12:16:04] [trace] [  JLink] - - 0.267ms returns 0  
[2025-May-03 12:16:04] [trace] [  JLink] - JLINK_HasError()  
[2025-May-03 12:16:04] [debug] [SeggerBackend] - read_access_port_register
[2025-May-03 12:16:04] [debug] [SeggerBackend] - ---just_read_access_port_register
[2025-May-03 12:16:04] [debug] [SeggerBackend] - ---just_select_access_port_register
[2025-May-03 12:16:04] [trace] [  JLink] - JLINK_CORESIGHT_ReadAPDPReg(AP reg 0x03)  
[2025-May-03 12:16:04] [trace] [  JLink] - Value=0x02880000
[2025-May-03 12:16:04] [trace] [  JLink] - - 0.263ms returns 0  
[2025-May-03 12:16:04] [trace] [  JLink] - JLINK_HasError()  
[2025-May-03 12:16:04] [debug] [SeggerBackend] - read_access_port_register
[2025-May-03 12:16:04] [debug] [SeggerBackend] - ---just_read_access_port_register
[2025-May-03 12:16:04] [debug] [SeggerBackend] - ---just_select_access_port_register
[2025-May-03 12:16:04] [debug] [SeggerBackend] - Select AP 1, DP Bank 0, AP Bank 0
[2025-May-03 12:16:04] [trace] [  JLink] - JLINK_CORESIGHT_WriteAPDPReg(DP reg 0x02, 0x01000000)  
[2025-May-03 12:16:04] [trace] [  JLink] - - 0.293ms returns 0  
[2025-May-03 12:16:04] [debug] [ Client] - write
[2025-May-03 12:16:04] [trace] [  JLink] - JLINK_HasError()  
[2025-May-03 12:16:04] [trace] [  JLink] - JLINK_CORESIGHT_ReadAPDPReg(AP reg 0x03)  
[2025-May-03 12:16:04] [trace] [  JLink] - Value=0x00000001
[2025-May-03 12:16:04] [trace] [  JLink] - - 0.212ms returns 0  
[2025-May-03 12:16:04] [trace] [  JLink] - JLINK_HasError()  
[2025-May-03 12:16:04] [debug] [SeggerBackend] - read_access_port_register
[2025-May-03 12:16:04] [debug] [SeggerBackend] - ---just_read_access_port_register
[2025-May-03 12:16:04] [debug] [SeggerBackend] - ---just_select_access_port_register
[2025-May-03 12:16:04] [trace] [  JLink] - JLINK_CORESIGHT_ReadAPDPReg(AP reg 0x03)  
[2025-May-03 12:16:04] [trace] [  JLink] - Value=0x00000001
[2025-May-03 12:16:04] [trace] [  JLink] - - 0.196ms returns 0  
[2025-May-03 12:16:04] [trace] [  JLink] - JLINK_HasError()  
[2025-May-03 12:16:04] [debug] [SeggerBackend] - read_access_port_register
[2025-May-03 12:16:04] [debug] [SeggerBackend] - ---just_read_access_port_register
[2025-May-03 12:16:04] [debug] [SeggerBackend] - ---just_select_access_port_register
[2025-May-03 12:16:04] [trace] [  JLink] - JLINK_CORESIGHT_ReadAPDPReg(AP reg 0x03)  
[2025-May-03 12:16:04] [trace] [  JLink] - Value=0x00000001
[2025-May-03 12:16:04] [trace] [  JLink] - - 0.234ms returns 0  
[2025-May-03 12:16:04] [trace] [  JLink] - JLINK_HasError()  
[2025-May-03 12:16:04] [debug] [SeggerBackend] - read_access_port_register
[2025-May-03 12:16:04] [debug] [SeggerBackend] - ---just_read_access_port_register
[2025-May-03 12:16:04] [debug] [SeggerBackend] - ---just_select_access_port_register
[2025-May-03 12:16:04] [trace] [  JLink] - JLINK_CORESIGHT_ReadAPDPReg(AP reg 0x03)  
[2025-May-03 12:16:04] [trace] [  JLink] - Value=0x00000001
[2025-May-03 12:16:04] [trace] [  JLink] - - 0.215ms returns 0  
[2025-May-03 12:16:04] [trace] [  JLink] - JLINK_HasError()  
[2025-May-03 12:16:04] [ info] [  nRF52] - Protection status read as NONE
[2025-May-03 12:16:04] [debug] [SeggerBackend] - read_u32
[2025-May-03 12:16:04] [debug] [SeggerBackend] - ---just_connect_to_device
[2025-May-03 12:16:04] [debug] [SeggerBackend] - is_connected_to_device
[2025-May-03 12:16:04] [trace] [  JLink] - JLINK_IsConnected()  
[2025-May-03 12:16:04] [trace] [  JLink] - - 0.002ms returns TRUE  
[2025-May-03 12:16:04] [trace] [  JLink] - JLINK_HasError()  
[2025-May-03 12:16:04] [debug] [SeggerBackend] - ---just_read_u32
[2025-May-03 12:16:04] [debug] [SeggerBackend] - ---just_invalidate_cache
[2025-May-03 12:16:04] [trace] [  JLink] - JLINK_ExecCommand("InvalidateCache", ...).   
[2025-May-03 12:16:04] [trace] [  JLink] - - 0.003ms returns 0x00  
[2025-May-03 12:16:04] [trace] [  JLink] - JLINK_HasError()  
[2025-May-03 12:16:04] [trace] [  JLink] - JLINK_ReadMemU32(0x10000130, 0x1 Items)  
[2025-May-03 12:16:04] [trace] [  JLink] - CPU_ReadMem(4 bytes @ 0x10000130)
[2025-May-03 12:16:04] [trace] [  JLink] - Data:  08 00 00 00
[2025-May-03 12:16:04] [trace] [  JLink] - - 0.300ms returns 1 (0x1)  
[2025-May-03 12:16:04] [trace] [  JLink] - JLINK_HasError()  
[2025-May-03 12:16:04] [debug] [SeggerBackend] - read_u32
[2025-May-03 12:16:04] [debug] [SeggerBackend] - ---just_connect_to_device
[2025-May-03 12:16:04] [debug] [SeggerBackend] - is_connected_to_device
[2025-May-03 12:16:04] [debug] [SeggerBackend] - ---just_read_u32
[2025-May-03 12:16:04] [debug] [SeggerBackend] - ---just_invalidate_cache
[2025-May-03 12:16:04] [trace] [  JLink] - JLINK_ExecCommand("InvalidateCache", ...).   
[2025-May-03 12:16:04] [trace] [  JLink] - - 0.002ms returns 0x00  
[2025-May-03 12:16:04] [trace] [  JLink] - JLINK_HasError()  
[2025-May-03 12:16:04] [trace] [  JLink] - JLINK_ReadMemU32(0x10000134, 0x1 Items)  
[2025-May-03 12:16:04] [trace] [  JLink] - CPU_ReadMem(4 bytes @ 0x10000134)
[2025-May-03 12:16:04] [trace] [  JLink] - Data:  05 00 00 00
[2025-May-03 12:16:04] [trace] [  JLink] - - 0.315ms returns 1 (0x1)  
[2025-May-03 12:16:04] [trace] [  JLink] - JLINK_HasError()  
[2025-May-03 12:16:04] [debug] [  nRF52] - Just_decode_device_version
[2025-May-03 12:16:04] [debug] [  nRF52] - Device identified as NRF52840_xxAA_REV3
[2025-May-03 12:16:04] [trace] [  JLink] - - 0.035ms  
[2025-May-03 12:16:04] [trace] [ Worker] - Command read_device_info executed for 3 milliseconds with result 0
[2025-May-03 12:16:04] [debug] [  nRF52] - write
[2025-May-03 12:16:04] [debug] [SeggerBackend] - is_connected_to_emu
[2025-May-03 12:16:04] [trace] [  JLink] - JLINK_IsOpen()  
[2025-May-03 12:16:04] [trace] [  JLink] - - 0.003ms returns 0x01  
[2025-May-03 12:16:04] [trace] [  JLink] - JLINK_HasError()  
[2025-May-03 12:16:04] [trace] [  JLink] - JLINK_Lock()  
[2025-May-03 12:16:04] [debug] [  nRF52] - Just_write
[2025-May-03 12:16:04] [debug] [SeggerBackend] - write
[2025-May-03 12:16:04] [debug] [SeggerBackend] - ---just_connect_to_device
[2025-May-03 12:16:04] [debug] [SeggerBackend] - is_connected_to_device
[2025-May-03 12:16:04] [trace] [  JLink] - JLINK_IsConnected()  
[2025-May-03 12:16:04] [trace] [  JLink] - - 0.001ms returns TRUE  
[2025-May-03 12:16:04] [trace] [  JLink] - JLINK_HasError()  
[2025-May-03 12:16:04] [debug] [SeggerBackend] - ---just_is_debug_region_powered
[2025-May-03 12:16:04] [debug] [SeggerBackend] - ---just_read_debug_port_register
[2025-May-03 12:16:04] [debug] [SeggerBackend] - ---just_select_debug_port_register
[2025-May-03 12:16:04] [debug] [SeggerBackend] - Select AP 255, DP Bank 0, AP Bank 255
[2025-May-03 12:16:04] [trace] [  JLink] - JLINK_CORESIGHT_WriteAPDPReg(DP reg 0x02, 0x00000000)  
[2025-May-03 12:16:04] [trace] [  JLink] - - 0.192ms returns 0  
[2025-May-03 12:16:04] [trace] [  JLink] - JLINK_HasError()  
[2025-May-03 12:16:04] [trace] [  JLink] - JLINK_CORESIGHT_ReadAPDPReg(DP reg 0x01)  
[2025-May-03 12:16:04] [trace] [  JLink] - Value=0xF0000040
[2025-May-03 12:16:04] [trace] [  JLink] - - 0.180ms returns 0  
[2025-May-03 12:16:04] [trace] [  JLink] - JLINK_HasError()  
[2025-May-03 12:16:04] [debug] [SeggerBackend] - ---just_halt
[2025-May-03 12:16:04] [trace] [  JLink] - JLINK_Halt()  
[2025-May-03 12:16:04] [trace] [  JLink] - - 0.001ms returns 0x00  
[2025-May-03 12:16:04] [trace] [  JLink] - JLINK_HasError()  
[2025-May-03 12:16:04] [debug] [SeggerBackend] - ---just_write
[2025-May-03 12:16:04] [debug] [  nRF52] - Just_nvmc_config_control
[2025-May-03 12:16:04] [debug] [SeggerBackend] - write_u32
[2025-May-03 12:16:04] [debug] [SeggerBackend] - ---just_connect_to_device
[2025-May-03 12:16:04] [debug] [SeggerBackend] - is_connected_to_device
[2025-May-03 12:16:04] [debug] [SeggerBackend] - ---just_write_u32
[2025-May-03 12:16:04] [debug] [SeggerBackend] - ---just_write_debug_port_register
[2025-May-03 12:16:04] [debug] [SeggerBackend] - ---just_select_debug_port_register
[2025-May-03 12:16:04] [debug] [SeggerBackend] - Select AP 255, DP Bank 0, AP Bank 255
[2025-May-03 12:16:04] [trace] [  JLink] - JLINK_CORESIGHT_WriteAPDPReg(DP reg 0x02, 0x00000000)  
[2025-May-03 12:16:04] [trace] [  JLink] - - 0.191ms returns 0  
[2025-May-03 12:16:04] [trace] [  JLink] - JLINK_HasError()  
[2025-May-03 12:16:04] [trace] [  JLink] - JLINK_CORESIGHT_WriteAPDPReg(DP reg 0x02, 0x00000000)  
[2025-May-03 12:16:04] [trace] [  JLink] - - 0.180ms returns 0  
[2025-May-03 12:16:04] [trace] [  JLink] - JLINK_HasError()  
[2025-May-03 12:16:04] [trace] [  JLink] - JLINK_WriteU32_64(0x4001E504, 0x00000001)  
[2025-May-03 12:16:04] [trace] [  JLink] - CPU_WriteMem(4 bytes @ 0x4001E504)
[2025-May-03 12:16:04] [trace] [  JLink] - - 0.302ms returns 0 (0x00000000)  
[2025-May-03 12:16:04] [trace] [  JLink] - JLINK_HasError()  
[2025-May-03 12:16:04] [debug] [  nRF52] - Just_nvmc_wait_for_ready
[2025-May-03 12:16:04] [debug] [SeggerBackend] - read_u32
[2025-May-03 12:16:04] [debug] [SeggerBackend] - ---just_connect_to_device
[2025-May-03 12:16:04] [debug] [SeggerBackend] - is_connected_to_device
[2025-May-03 12:16:04] [debug] [SeggerBackend] - ---just_read_u32
[2025-May-03 12:16:04] [debug] [SeggerBackend] - ---just_invalidate_cache
[2025-May-03 12:16:04] [trace] [  JLink] - JLINK_ExecCommand("InvalidateCache", ...).   
[2025-May-03 12:16:04] [trace] [  JLink] - - 0.002ms returns 0x00  
[2025-May-03 12:16:04] [trace] [  JLink] - JLINK_HasError()  
[2025-May-03 12:16:04] [trace] [  JLink] - JLINK_ReadMemU32(0x4001E400, 0x1 Items)  
[2025-May-03 12:16:04] [trace] [  JLink] - CPU_ReadMem(4 bytes @ 0x4001E400)
[2025-May-03 12:16:04] [trace] [  JLink] - Data:  01 00 00 00
[2025-May-03 12:16:04] [trace] [  JLink] - - 0.306ms returns 1 (0x1)  
[2025-May-03 12:16:04] [trace] [  JLink] - JLINK_HasError()  
[2025-May-03 12:16:04] [trace] [  JLink] - JLINK_WriteMem(0x00000000, 0xC24 Bytes, ...)  
[2025-May-03 12:16:04] [trace] [  JLink] - Data:  00 00 04 20 7D 05 00 00 A5 05 00 00 A7 05 00 00 ...
[2025-May-03 12:16:04] [trace] [  JLink] - CPU_WriteMem(3108 bytes @ 0x00000000)
[2025-May-03 12:16:04] [trace] [ Client] - Command write executed for 28 milliseconds with result 0
[2025-May-03 12:16:04] [trace] [  JLink] - - 21.247ms returns 0xC24  
[2025-May-03 12:16:04] [trace] [  JLink] - JLINK_HasError()  
[2025-May-03 12:16:04] [debug] [  nRF52] - Just_nvmc_wait_for_ready
[2025-May-03 12:16:04] [debug] [SeggerBackend] - read_u32
[2025-May-03 12:16:04] [debug] [SeggerBackend] - ---just_connect_to_device
[2025-May-03 12:16:04] [debug] [SeggerBackend] - is_connected_to_device
[2025-May-03 12:16:04] [debug] [SeggerBackend] - ---just_read_u32
[2025-May-03 12:16:04] [debug] [SeggerBackend] - ---just_invalidate_cache
[2025-May-03 12:16:04] [trace] [  JLink] - JLINK_ExecCommand("InvalidateCache", ...).   
[2025-May-03 12:16:04] [trace] [  JLink] - - 0.002ms returns 0x00  
[2025-May-03 12:16:04] [trace] [  JLink] - JLINK_HasError()  
[2025-May-03 12:16:04] [trace] [  JLink] - JLINK_ReadMemU32(0x4001E400, 0x1 Items)  
[2025-May-03 12:16:04] [trace] [  JLink] - CPU_ReadMem(4 bytes @ 0x4001E400)
[2025-May-03 12:16:04] [trace] [  JLink] - Data:  01 00 00 00
[2025-May-03 12:16:04] [trace] [  JLink] - - 0.327ms returns 1 (0x1)  
[2025-May-03 12:16:04] [trace] [  JLink] - JLINK_HasError()  
[2025-May-03 12:16:04] [debug] [  nRF52] - Just_nvmc_config_control
[2025-May-03 12:16:04] [debug] [SeggerBackend] - write_u32
[2025-May-03 12:16:04] [debug] [SeggerBackend] - ---just_connect_to_device
[2025-May-03 12:16:04] [debug] [SeggerBackend] - is_connected_to_device
[2025-May-03 12:16:04] [debug] [SeggerBackend] - ---just_write_u32
[2025-May-03 12:16:04] [debug] [SeggerBackend] - ---just_write_debug_port_register
[2025-May-03 12:16:04] [debug] [SeggerBackend] - ---just_select_debug_port_register
[2025-May-03 12:16:04] [debug] [SeggerBackend] - Select AP 255, DP Bank 0, AP Bank 255
[2025-May-03 12:16:04] [trace] [  JLink] - JLINK_CORESIGHT_WriteAPDPReg(DP reg 0x02, 0x00000000)  
[2025-May-03 12:16:04] [trace] [  JLink] - - 0.206ms returns 0  
[2025-May-03 12:16:04] [trace] [  JLink] - JLINK_HasError()  
[2025-May-03 12:16:04] [trace] [  JLink] - JLINK_CORESIGHT_WriteAPDPReg(DP reg 0x02, 0x00000000)  
[2025-May-03 12:16:04] [trace] [  JLink] - - 0.201ms returns 0  
[2025-May-03 12:16:04] [trace] [  JLink] - JLINK_HasError()  
[2025-May-03 12:16:04] [trace] [  JLink] - JLINK_WriteU32_64(0x4001E504, 0x00000000)  
[2025-May-03 12:16:04] [trace] [  JLink] - CPU_WriteMem(4 bytes @ 0x4001E504)
[2025-May-03 12:16:04] [trace] [  JLink] - - 0.387ms returns 0 (0x00000000)  
[2025-May-03 12:16:04] [trace] [  JLink] - JLINK_HasError()  
[2025-May-03 12:16:04] [debug] [  nRF52] - Just_nvmc_wait_for_ready
[2025-May-03 12:16:04] [debug] [SeggerBackend] - read_u32
[2025-May-03 12:16:04] [debug] [SeggerBackend] - ---just_connect_to_device
[2025-May-03 12:16:04] [debug] [SeggerBackend] - is_connected_to_device
[2025-May-03 12:16:04] [debug] [SeggerBackend] - ---just_read_u32
[2025-May-03 12:16:04] [debug] [SeggerBackend] - ---just_invalidate_cache
[2025-May-03 12:16:04] [trace] [  JLink] - JLINK_ExecCommand("InvalidateCache", ...).   
[2025-May-03 12:16:04] [trace] [  JLink] - - 0.002ms returns 0x00  
[2025-May-03 12:16:04] [trace] [  JLink] - JLINK_HasError()  
[2025-May-03 12:16:04] [trace] [  JLink] - JLINK_ReadMemU32(0x4001E400, 0x1 Items)  
[2025-May-03 12:16:04] [trace] [  JLink] - CPU_ReadMem(4 bytes @ 0x4001E400)
[2025-May-03 12:16:04] [trace] [  JLink] - Data:  01 00 00 00
[2025-May-03 12:16:04] [trace] [  JLink] - - 0.341ms returns 1 (0x1)  
[2025-May-03 12:16:04] [trace] [  JLink] - JLINK_HasError()  
[2025-May-03 12:16:04] [trace] [  JLink] - - 0.003ms  
[2025-May-03 12:16:04] [trace] [ Worker] - Command write executed for 24 milliseconds with result 0
[2025-May-03 12:16:04] [debug] [  nRF52] - close
[2025-May-03 12:16:04] [debug] [SeggerBackend] - is_connected_to_emu
[2025-May-03 12:16:04] [trace] [  JLink] - JLINK_IsOpen()  
[2025-May-03 12:16:04] [trace] [  JLink] - - 0.003ms returns 0x01  
[2025-May-03 12:16:04] [trace] [  JLink] - JLINK_HasError()  
[2025-May-03 12:16:04] [trace] [  JLink] - JLINK_Lock()  
[2025-May-03 12:16:04] [debug] [SeggerBackend] - close
[2025-May-03 12:16:04] [debug] [SeggerBackend] - disconnect_from_emu
[2025-May-03 12:16:04] [debug] [SeggerBackend] - ---just_disconnect_from_emu
[2025-May-03 12:16:04] [debug] [SeggerBackend] - is_connected_to_device
[2025-May-03 12:16:04] [trace] [  JLink] - JLINK_IsConnected()  
[2025-May-03 12:16:04] [trace] [  JLink] - - 0.001ms returns TRUE  
[2025-May-03 12:16:04] [trace] [  JLink] - JLINK_HasError()  
[2025-May-03 12:16:04] [debug] [SeggerBackend] - ---just_is_debug_region_powered
[2025-May-03 12:16:04] [debug] [SeggerBackend] - ---just_read_debug_port_register
[2025-May-03 12:16:04] [debug] [SeggerBackend] - ---just_select_debug_port_register
[2025-May-03 12:16:04] [debug] [SeggerBackend] - Select AP 255, DP Bank 0, AP Bank 255
[2025-May-03 12:16:04] [trace] [  JLink] - JLINK_CORESIGHT_WriteAPDPReg(DP reg 0x02, 0x00000000)  
[2025-Ma